,Adj Close,Close,High,Low,Open,Volume
2022-02-07 09:30:00-05:00,,,,,,
2022-02-07 09:32:00-05:00,,,,,,
2022-02-07 09:40:00-05:00,,,,,,
2022-02-07 09:42:00-05:00,,,,,,
2022-02-07 09:43:00-05:00,,,,,,
2022-02-07 09:54:00-05:00,,,,,,
2022-02-07 09:59:00-05:00,,,,,,
2022-02-07 10:13:00-05:00,,,,,,
2022-02-07 10:20:00-05:00,,,,,,
2022-02-07 10:36:00-05:00,,,,,,
2022-02-07 10:47:00-05:00,,,,,,
2022-02-07 11:01:00-05:00,,,,,,
2022-02-07 11:02:00-05:00,,,,,,
2022-02-07 11:05:00-05:00,,,,,,
2022-02-07 11:16:00-05:00,,,,,,
2022-02-07 11:23:00-05:00,,,,,,
2022-02-07 11:40:00-05:00,,,,,,
2022-02-07 11:41:00-05:00,,,,,,
2022-02-07 11:43:00-05:00,,,,,,
2022-02-07 11:52:00-05:00,,,,,,
2022-02-07 12:10:00-05:00,,,,,,
2022-02-07 12:19:00-05:00,,,,,,
2022-02-07 12:25:00-05:00,,,,,,
2022-02-07 12:35:00-05:00,,,,,,
2022-02-07 12:36:00-05:00,,,,,,
2022-02-07 12:39:00-05:00,,,,,,
2022-02-07 12:46:00-05:00,,,,,,
2022-02-07 12:48:00-05:00,,,,,,
2022-02-07 12:59:00-05:00,,,,,,
2022-02-07 13:02:00-05:00,,,,,,
2022-02-07 13:12:00-05:00,,,,,,
2022-02-07 13:19:00-05:00,,,,,,
2022-02-07 13:20:00-05:00,,,,,,
2022-02-07 13:22:00-05:00,,,,,,
2022-02-07 13:28:00-05:00,,,,,,
2022-02-07 13:29:00-05:00,,,,,,
2022-02-07 13:31:00-05:00,,,,,,
2022-02-07 13:35:00-05:00,,,,,,
2022-02-07 13:43:00-05:00,,,,,,
2022-02-07 13:48:00-05:00,,,,,,
2022-02-07 13:50:00-05:00,,,,,,
2022-02-07 13:51:00-05:00,,,,,,
2022-02-07 13:52:00-05:00,,,,,,
2022-02-07 13:54:00-05:00,,,,,,
2022-02-07 13:59:00-05:00,,,,,,
2022-02-07 14:00:00-05:00,,,,,,
2022-02-07 14:01:00-05:00,,,,,,
2022-02-07 14:06:00-05:00,,,,,,
2022-02-07 14:09:00-05:00,,,,,,
2022-02-07 14:10:00-05:00,,,,,,
2022-02-07 14:21:00-05:00,,,,,,
2022-02-07 14:25:00-05:00,,,,,,
2022-02-07 14:28:00-05:00,,,,,,
2022-02-07 14:29:00-05:00,,,,,,
2022-02-07 14:30:00-05:00,,,,,,
2022-02-07 14:34:00-05:00,,,,,,
2022-02-07 14:35:00-05:00,,,,,,
2022-02-07 14:41:00-05:00,,,,,,
2022-02-07 14:42:00-05:00,,,,,,
2022-02-07 14:49:00-05:00,,,,,,
2022-02-07 14:52:00-05:00,,,,,,
2022-02-07 14:56:00-05:00,,,,,,
2022-02-07 14:58:00-05:00,,,,,,
2022-02-07 15:00:00-05:00,,,,,,
2022-02-07 15:02:00-05:00,,,,,,
2022-02-07 15:05:00-05:00,,,,,,
2022-02-07 15:06:00-05:00,,,,,,
2022-02-07 15:07:00-05:00,,,,,,
2022-02-07 15:09:00-05:00,,,,,,
2022-02-07 15:10:00-05:00,,,,,,
2022-02-07 15:11:00-05:00,,,,,,
2022-02-07 15:12:00-05:00,,,,,,
2022-02-07 15:14:00-05:00,,,,,,
2022-02-07 15:15:00-05:00,,,,,,
2022-02-07 15:16:00-05:00,,,,,,
2022-02-07 15:17:00-05:00,,,,,,
2022-02-07 15:19:00-05:00,,,,,,
2022-02-07 15:20:00-05:00,,,,,,
2022-02-07 15:23:00-05:00,,,,,,
2022-02-07 15:24:00-05:00,,,,,,
2022-02-07 15:26:00-05:00,,,,,,
2022-02-07 15:27:00-05:00,,,,,,
2022-02-07 15:29:00-05:00,,,,,,
2022-02-07 15:30:00-05:00,,,,,,
2022-02-07 15:31:00-05:00,,,,,,
2022-02-07 15:32:00-05:00,,,,,,
2022-02-07 15:34:00-05:00,,,,,,
2022-02-07 15:35:00-05:00,,,,,,
2022-02-07 15:36:00-05:00,,,,,,
2022-02-07 15:37:00-05:00,,,,,,
2022-02-07 15:38:00-05:00,,,,,,
2022-02-07 15:39:00-05:00,,,,,,
2022-02-07 15:40:00-05:00,,,,,,
2022-02-07 15:41:00-05:00,,,,,,
2022-02-07 15:42:00-05:00,,,,,,
2022-02-07 15:43:00-05:00,,,,,,
2022-02-07 15:44:00-05:00,,,,,,
2022-02-07 15:45:00-05:00,,,,,,
2022-02-07 15:46:00-05:00,,,,,,
2022-02-07 15:47:00-05:00,,,,,,
2022-02-07 15:48:00-05:00,,,,,,
2022-02-07 15:49:00-05:00,,,,,,
2022-02-07 15:50:00-05:00,,,,,,
2022-02-07 15:51:00-05:00,,,,,,
2022-02-07 15:52:00-05:00,,,,,,
2022-02-07 15:53:00-05:00,,,,,,
2022-02-07 15:54:00-05:00,,,,,,
2022-02-07 15:55:00-05:00,,,,,,
2022-02-07 15:56:00-05:00,,,,,,
2022-02-07 15:57:00-05:00,4.260000228881836,4.260000228881836,4.260000228881836,4.260000228881836,4.260000228881836,0.0
2022-02-07 15:58:00-05:00,,,,,,
2022-02-07 15:59:00-05:00,,,,,,
2022-02-08 09:30:00-05:00,,,,,,
2022-02-08 09:31:00-05:00,,,,,,
2022-02-08 09:32:00-05:00,,,,,,
2022-02-08 09:33:00-05:00,,,,,,
2022-02-08 09:34:00-05:00,,,,,,
2022-02-08 09:35:00-05:00,,,,,,
2022-02-08 09:36:00-05:00,,,,,,
2022-02-08 09:37:00-05:00,,,,,,
2022-02-08 09:38:00-05:00,,,,,,
2022-02-08 09:39:00-05:00,,,,,,
2022-02-08 09:40:00-05:00,,,,,,
2022-02-08 09:41:00-05:00,,,,,,
2022-02-08 09:42:00-05:00,,,,,,
2022-02-08 09:43:00-05:00,,,,,,
2022-02-08 09:44:00-05:00,,,,,,
2022-02-08 09:45:00-05:00,,,,,,
2022-02-08 09:46:00-05:00,,,,,,
2022-02-08 09:47:00-05:00,,,,,,
2022-02-08 09:48:00-05:00,,,,,,
2022-02-08 09:49:00-05:00,,,,,,
2022-02-08 09:50:00-05:00,,,,,,
2022-02-08 09:51:00-05:00,,,,,,
2022-02-08 09:52:00-05:00,,,,,,
2022-02-08 09:53:00-05:00,,,,,,
2022-02-08 09:54:00-05:00,,,,,,
2022-02-08 09:55:00-05:00,,,,,,
2022-02-08 09:56:00-05:00,,,,,,
2022-02-08 09:57:00-05:00,,,,,,
2022-02-08 09:58:00-05:00,,,,,,
2022-02-08 09:59:00-05:00,,,,,,
2022-02-08 10:00:00-05:00,,,,,,
2022-02-08 10:01:00-05:00,,,,,,
2022-02-08 10:02:00-05:00,,,,,,
2022-02-08 10:03:00-05:00,,,,,,
2022-02-08 10:04:00-05:00,,,,,,
2022-02-08 10:05:00-05:00,,,,,,
2022-02-08 10:06:00-05:00,,,,,,
2022-02-08 10:07:00-05:00,,,,,,
2022-02-08 10:08:00-05:00,,,,,,
2022-02-08 10:09:00-05:00,,,,,,
2022-02-08 10:10:00-05:00,,,,,,
2022-02-08 10:11:00-05:00,,,,,,
2022-02-08 10:12:00-05:00,,,,,,
2022-02-08 10:13:00-05:00,,,,,,
2022-02-08 10:14:00-05:00,,,,,,
2022-02-08 10:15:00-05:00,4.230000019073486,4.230000019073486,4.230000019073486,4.229899883270264,4.229899883270264,1300.0
2022-02-08 10:16:00-05:00,4.249899864196777,4.249899864196777,4.25,4.249899864196777,4.249899864196777,1093.0
2022-02-08 10:17:00-05:00,,,,,,
2022-02-08 10:18:00-05:00,,,,,,
2022-02-08 10:19:00-05:00,,,,,,
2022-02-08 10:20:00-05:00,,,,,,
2022-02-08 10:21:00-05:00,,,,,,
2022-02-08 10:22:00-05:00,,,,,,
2022-02-08 10:23:00-05:00,4.25,4.25,4.25,4.25,4.25,100.0
2022-02-08 10:24:00-05:00,,,,,,
2022-02-08 10:25:00-05:00,,,,,,
2022-02-08 10:26:00-05:00,,,,,,
2022-02-08 10:27:00-05:00,,,,,,
2022-02-08 10:28:00-05:00,4.25,4.25,4.25,4.25,4.25,100.0
2022-02-08 10:29:00-05:00,,,,,,
2022-02-08 10:30:00-05:00,,,,,,
2022-02-08 10:31:00-05:00,,,,,,
2022-02-08 10:32:00-05:00,,,,,,
2022-02-08 10:33:00-05:00,,,,,,
2022-02-08 10:34:00-05:00,,,,,,
2022-02-08 10:35:00-05:00,,,,,,
2022-02-08 10:36:00-05:00,,,,,,
2022-02-08 10:37:00-05:00,,,,,,
2022-02-08 10:38:00-05:00,,,,,,
2022-02-08 10:39:00-05:00,,,,,,
2022-02-08 10:40:00-05:00,4.25,4.25,4.25,4.25,4.25,101.0
2022-02-08 10:41:00-05:00,,,,,,
2022-02-08 10:42:00-05:00,,,,,,
2022-02-08 10:43:00-05:00,,,,,,
2022-02-08 10:44:00-05:00,,,,,,
2022-02-08 10:45:00-05:00,,,,,,
2022-02-08 10:46:00-05:00,,,,,,
2022-02-08 10:47:00-05:00,,,,,,
2022-02-08 10:48:00-05:00,,,,,,
2022-02-08 10:49:00-05:00,,,,,,
2022-02-08 10:50:00-05:00,,,,,,
2022-02-08 10:51:00-05:00,,,,,,
2022-02-08 10:52:00-05:00,,,,,,
2022-02-08 10:53:00-05:00,,,,,,
2022-02-08 10:54:00-05:00,,,,,,
2022-02-08 10:55:00-05:00,,,,,,
2022-02-08 10:56:00-05:00,,,,,,
2022-02-08 10:57:00-05:00,,,,,,
2022-02-08 10:58:00-05:00,,,,,,
2022-02-08 10:59:00-05:00,,,,,,
2022-02-08 11:00:00-05:00,,,,,,
2022-02-08 11:01:00-05:00,,,,,,
2022-02-08 11:02:00-05:00,4.21999979019165,4.21999979019165,4.21999979019165,4.21999979019165,4.21999979019165,100.0
2022-02-08 11:03:00-05:00,,,,,,
2022-02-08 11:04:00-05:00,,,,,,
2022-02-08 11:05:00-05:00,,,,,,
2022-02-08 11:06:00-05:00,,,,,,
2022-02-08 11:07:00-05:00,,,,,,
2022-02-08 11:08:00-05:00,,,,,,
2022-02-08 11:09:00-05:00,,,,,,
2022-02-08 11:10:00-05:00,4.249899864196777,4.249899864196777,4.249899864196777,4.249899864196777,4.249899864196777,501.0
2022-02-08 11:11:00-05:00,,,,,,
2022-02-08 11:12:00-05:00,,,,,,
2022-02-08 11:13:00-05:00,,,,,,
2022-02-08 11:14:00-05:00,,,,,,
2022-02-08 11:15:00-05:00,,,,,,
2022-02-08 11:16:00-05:00,4.25,4.25,4.25,4.25,4.25,506.0
2022-02-08 11:17:00-05:00,,,,,,
2022-02-08 11:18:00-05:00,,,,,,
2022-02-08 11:19:00-05:00,,,,,,
2022-02-08 11:20:00-05:00,4.260000228881836,4.260000228881836,4.260000228881836,4.260000228881836,4.260000228881836,217.0
2022-02-08 11:21:00-05:00,,,,,,
2022-02-08 11:22:00-05:00,,,,,,
2022-02-08 11:23:00-05:00,,,,,,
2022-02-08 11:24:00-05:00,,,,,,
2022-02-08 11:25:00-05:00,,,,,,
2022-02-08 11:26:00-05:00,,,,,,
2022-02-08 11:27:00-05:00,,,,,,
2022-02-08 11:28:00-05:00,,,,,,
2022-02-08 11:29:00-05:00,,,,,,
2022-02-08 11:30:00-05:00,,,,,,
2022-02-08 11:31:00-05:00,,,,,,
2022-02-08 11:32:00-05:00,,,,,,
2022-02-08 11:33:00-05:00,,,,,,
2022-02-08 11:34:00-05:00,,,,,,
2022-02-08 11:35:00-05:00,,,,,,
2022-02-08 11:36:00-05:00,,,,,,
2022-02-08 11:37:00-05:00,,,,,,
2022-02-08 11:38:00-05:00,,,,,,
2022-02-08 11:39:00-05:00,,,,,,
2022-02-08 11:40:00-05:00,,,,,,
2022-02-08 11:41:00-05:00,4.340000152587891,4.340000152587891,4.340000152587891,4.340000152587891,4.340000152587891,100.0
2022-02-08 11:42:00-05:00,,,,,,
2022-02-08 11:43:00-05:00,,,,,,
2022-02-08 11:44:00-05:00,,,,,,
2022-02-08 11:45:00-05:00,,,,,,
2022-02-08 11:46:00-05:00,,,,,,
2022-02-08 11:47:00-05:00,,,,,,
2022-02-08 11:48:00-05:00,,,,,,
2022-02-08 11:49:00-05:00,,,,,,
2022-02-08 11:50:00-05:00,,,,,,
2022-02-08 11:51:00-05:00,,,,,,
2022-02-08 11:52:00-05:00,,,,,,
2022-02-08 11:53:00-05:00,,,,,,
2022-02-08 11:54:00-05:00,,,,,,
2022-02-08 11:55:00-05:00,,,,,,
2022-02-08 11:56:00-05:00,,,,,,
2022-02-08 11:57:00-05:00,,,,,,
2022-02-08 11:58:00-05:00,,,,,,
2022-02-08 11:59:00-05:00,,,,,,
2022-02-08 12:00:00-05:00,,,,,,
2022-02-08 12:01:00-05:00,,,,,,
2022-02-08 12:02:00-05:00,,,,,,
2022-02-08 12:03:00-05:00,,,,,,
2022-02-08 12:04:00-05:00,,,,,,
2022-02-08 12:05:00-05:00,,,,,,
2022-02-08 12:06:00-05:00,,,,,,
2022-02-08 12:07:00-05:00,,,,,,
2022-02-08 12:08:00-05:00,,,,,,
2022-02-08 12:09:00-05:00,,,,,,
2022-02-08 12:10:00-05:00,,,,,,
2022-02-08 12:11:00-05:00,,,,,,
2022-02-08 12:12:00-05:00,,,,,,
2022-02-08 12:13:00-05:00,,,,,,
2022-02-08 12:14:00-05:00,,,,,,
2022-02-08 12:15:00-05:00,,,,,,
2022-02-08 12:16:00-05:00,,,,,,
2022-02-08 12:17:00-05:00,,,,,,
2022-02-08 12:18:00-05:00,,,,,,
2022-02-08 12:19:00-05:00,4.25,4.25,4.25,4.25,4.25,207.0
2022-02-08 12:20:00-05:00,,,,,,
2022-02-08 12:21:00-05:00,,,,,,
2022-02-08 12:22:00-05:00,,,,,,
2022-02-08 12:23:00-05:00,,,,,,
2022-02-08 12:24:00-05:00,,,,,,
2022-02-08 12:25:00-05:00,,,,,,
2022-02-08 12:26:00-05:00,,,,,,
2022-02-08 12:27:00-05:00,,,,,,
2022-02-08 12:28:00-05:00,,,,,,
2022-02-08 12:29:00-05:00,,,,,,
2022-02-08 12:30:00-05:00,,,,,,
2022-02-08 12:31:00-05:00,,,,,,
2022-02-08 12:32:00-05:00,,,,,,
2022-02-08 12:33:00-05:00,,,,,,
2022-02-08 12:34:00-05:00,,,,,,
2022-02-08 12:35:00-05:00,,,,,,
2022-02-08 12:36:00-05:00,,,,,,
2022-02-08 12:37:00-05:00,,,,,,
2022-02-08 12:38:00-05:00,,,,,,
2022-02-08 12:39:00-05:00,,,,,,
2022-02-08 12:40:00-05:00,,,,,,
2022-02-08 12:41:00-05:00,,,,,,
2022-02-08 12:42:00-05:00,,,,,,
2022-02-08 12:43:00-05:00,,,,,,
2022-02-08 12:44:00-05:00,,,,,,
2022-02-08 12:45:00-05:00,,,,,,
2022-02-08 12:46:00-05:00,,,,,,
2022-02-08 12:47:00-05:00,,,,,,
2022-02-08 12:48:00-05:00,,,,,,
2022-02-08 12:49:00-05:00,,,,,,
2022-02-08 12:50:00-05:00,,,,,,
2022-02-08 12:51:00-05:00,,,,,,
2022-02-08 12:52:00-05:00,,,,,,
2022-02-08 12:53:00-05:00,,,,,,
2022-02-08 12:54:00-05:00,,,,,,
2022-02-08 12:55:00-05:00,,,,,,
2022-02-08 12:56:00-05:00,,,,,,
2022-02-08 12:57:00-05:00,,,,,,
2022-02-08 12:58:00-05:00,,,,,,
2022-02-08 12:59:00-05:00,,,,,,
2022-02-08 13:00:00-05:00,,,,,,
2022-02-08 13:01:00-05:00,,,,,,
2022-02-08 13:02:00-05:00,,,,,,
2022-02-08 13:03:00-05:00,,,,,,
2022-02-08 13:04:00-05:00,,,,,,
2022-02-08 13:05:00-05:00,,,,,,
2022-02-08 13:06:00-05:00,,,,,,
2022-02-08 13:07:00-05:00,,,,,,
2022-02-08 13:08:00-05:00,,,,,,
2022-02-08 13:09:00-05:00,,,,,,
2022-02-08 13:10:00-05:00,,,,,,
2022-02-08 13:11:00-05:00,,,,,,
2022-02-08 13:12:00-05:00,,,,,,
2022-02-08 13:13:00-05:00,,,,,,
2022-02-08 13:14:00-05:00,,,,,,
2022-02-08 13:15:00-05:00,,,,,,
2022-02-08 13:16:00-05:00,,,,,,
2022-02-08 13:17:00-05:00,,,,,,
2022-02-08 13:18:00-05:00,,,,,,
2022-02-08 13:19:00-05:00,,,,,,
2022-02-08 13:20:00-05:00,,,,,,
2022-02-08 13:21:00-05:00,,,,,,
2022-02-08 13:22:00-05:00,,,,,,
2022-02-08 13:23:00-05:00,,,,,,
2022-02-08 13:24:00-05:00,,,,,,
2022-02-08 13:25:00-05:00,,,,,,
2022-02-08 13:26:00-05:00,,,,,,
2022-02-08 13:27:00-05:00,,,,,,
2022-02-08 13:28:00-05:00,,,,,,
2022-02-08 13:29:00-05:00,,,,,,
2022-02-08 13:30:00-05:00,,,,,,
2022-02-08 13:31:00-05:00,,,,,,
2022-02-08 13:32:00-05:00,,,,,,
2022-02-08 13:33:00-05:00,,,,,,
2022-02-08 13:34:00-05:00,,,,,,
2022-02-08 13:35:00-05:00,,,,,,
2022-02-08 13:36:00-05:00,,,,,,
2022-02-08 13:37:00-05:00,,,,,,
2022-02-08 13:38:00-05:00,,,,,,
2022-02-08 13:39:00-05:00,,,,,,
2022-02-08 13:40:00-05:00,,,,,,
2022-02-08 13:41:00-05:00,,,,,,
2022-02-08 13:42:00-05:00,,,,,,
2022-02-08 13:43:00-05:00,,,,,,
2022-02-08 13:44:00-05:00,,,,,,
2022-02-08 13:45:00-05:00,,,,,,
2022-02-08 13:46:00-05:00,,,,,,
2022-02-08 13:47:00-05:00,,,,,,
2022-02-08 13:48:00-05:00,,,,,,
2022-02-08 13:49:00-05:00,,,,,,
2022-02-08 13:50:00-05:00,,,,,,
2022-02-08 13:51:00-05:00,,,,,,
2022-02-08 13:52:00-05:00,,,,,,
2022-02-08 13:53:00-05:00,,,,,,
2022-02-08 13:54:00-05:00,,,,,,
2022-02-08 13:55:00-05:00,,,,,,
2022-02-08 13:56:00-05:00,,,,,,
2022-02-08 13:57:00-05:00,,,,,,
2022-02-08 13:58:00-05:00,,,,,,
2022-02-08 13:59:00-05:00,,,,,,
2022-02-08 14:00:00-05:00,,,,,,
2022-02-08 14:01:00-05:00,,,,,,
2022-02-08 14:02:00-05:00,,,,,,
2022-02-08 14:03:00-05:00,,,,,,
2022-02-08 14:04:00-05:00,,,,,,
2022-02-08 14:05:00-05:00,,,,,,
2022-02-08 14:06:00-05:00,,,,,,
2022-02-08 14:07:00-05:00,,,,,,
2022-02-08 14:08:00-05:00,,,,,,
2022-02-08 14:09:00-05:00,,,,,,
2022-02-08 14:10:00-05:00,,,,,,
2022-02-08 14:11:00-05:00,,,,,,
2022-02-08 14:12:00-05:00,4.239999771118164,4.239999771118164,4.239999771118164,4.239999771118164,4.239999771118164,205.0
2022-02-08 14:13:00-05:00,,,,,,
2022-02-08 14:14:00-05:00,,,,,,
2022-02-08 14:15:00-05:00,,,,,,
2022-02-08 14:16:00-05:00,,,,,,
2022-02-08 14:17:00-05:00,,,,,,
2022-02-08 14:18:00-05:00,,,,,,
2022-02-08 14:19:00-05:00,,,,,,
2022-02-08 14:20:00-05:00,,,,,,
2022-02-08 14:21:00-05:00,,,,,,
2022-02-08 14:22:00-05:00,,,,,,
2022-02-08 14:23:00-05:00,,,,,,
2022-02-08 14:24:00-05:00,,,,,,
2022-02-08 14:25:00-05:00,,,,,,
2022-02-08 14:26:00-05:00,,,,,,
2022-02-08 14:27:00-05:00,,,,,,
2022-02-08 14:28:00-05:00,,,,,,
2022-02-08 14:29:00-05:00,,,,,,
2022-02-08 14:30:00-05:00,,,,,,
2022-02-08 14:31:00-05:00,,,,,,
2022-02-08 14:32:00-05:00,,,,,,
2022-02-08 14:33:00-05:00,,,,,,
2022-02-08 14:34:00-05:00,,,,,,
2022-02-08 14:35:00-05:00,,,,,,
2022-02-08 14:36:00-05:00,,,,,,
2022-02-08 14:37:00-05:00,,,,,,
2022-02-08 14:38:00-05:00,,,,,,
2022-02-08 14:39:00-05:00,,,,,,
2022-02-08 14:40:00-05:00,,,,,,
2022-02-08 14:41:00-05:00,,,,,,
2022-02-08 14:42:00-05:00,,,,,,
2022-02-08 14:43:00-05:00,,,,,,
2022-02-08 14:44:00-05:00,,,,,,
2022-02-08 14:45:00-05:00,,,,,,
2022-02-08 14:46:00-05:00,,,,,,
2022-02-08 14:47:00-05:00,,,,,,
2022-02-08 14:48:00-05:00,4.349699974060059,4.349699974060059,4.349999904632568,4.289999961853027,4.340000152587891,1354.0
2022-02-08 14:49:00-05:00,,,,,,
2022-02-08 14:50:00-05:00,,,,,,
2022-02-08 14:51:00-05:00,,,,,,
2022-02-08 14:52:00-05:00,,,,,,
2022-02-08 14:53:00-05:00,,,,,,
2022-02-08 14:54:00-05:00,,,,,,
2022-02-08 14:55:00-05:00,,,,,,
2022-02-08 14:56:00-05:00,4.230000019073486,4.230000019073486,4.260000228881836,4.230000019073486,4.260000228881836,1100.0
2022-02-08 14:57:00-05:00,,,,,,
2022-02-08 14:58:00-05:00,,,,,,
2022-02-08 14:59:00-05:00,,,,,,
2022-02-08 15:00:00-05:00,4.360000133514404,4.360000133514404,4.360000133514404,4.360000133514404,4.360000133514404,100.0
2022-02-08 15:01:00-05:00,,,,,,
2022-02-08 15:02:00-05:00,,,,,,
2022-02-08 15:03:00-05:00,,,,,,
2022-02-08 15:04:00-05:00,,,,,,
2022-02-08 15:05:00-05:00,,,,,,
2022-02-08 15:06:00-05:00,,,,,,
2022-02-08 15:07:00-05:00,4.230000019073486,4.230000019073486,4.230000019073486,4.230000019073486,4.230000019073486,201.0
2022-02-08 15:08:00-05:00,4.360000133514404,4.360000133514404,4.360000133514404,4.360000133514404,4.360000133514404,153.0
2022-02-08 15:09:00-05:00,,,,,,
2022-02-08 15:10:00-05:00,,,,,,
2022-02-08 15:11:00-05:00,,,,,,
2022-02-08 15:12:00-05:00,4.369999885559082,4.369999885559082,4.369999885559082,4.369999885559082,4.369999885559082,467.0
2022-02-08 15:13:00-05:00,,,,,,
2022-02-08 15:14:00-05:00,,,,,,
2022-02-08 15:15:00-05:00,,,,,,
2022-02-08 15:16:00-05:00,,,,,,
2022-02-08 15:17:00-05:00,,,,,,
2022-02-08 15:18:00-05:00,,,,,,
2022-02-08 15:19:00-05:00,,,,,,
2022-02-08 15:20:00-05:00,4.320000171661377,4.320000171661377,4.369999885559082,4.320000171661377,4.369999885559082,1030.0
2022-02-08 15:21:00-05:00,,,,,,
2022-02-08 15:22:00-05:00,,,,,,
2022-02-08 15:23:00-05:00,,,,,,
2022-02-08 15:24:00-05:00,,,,,,
2022-02-08 15:25:00-05:00,,,,,,
2022-02-08 15:26:00-05:00,,,,,,
2022-02-08 15:27:00-05:00,,,,,,
2022-02-08 15:28:00-05:00,,,,,,
2022-02-08 15:29:00-05:00,,,,,,
2022-02-08 15:30:00-05:00,,,,,,
2022-02-08 15:31:00-05:00,,,,,,
2022-02-08 15:32:00-05:00,,,,,,
2022-02-08 15:33:00-05:00,,,,,,
2022-02-08 15:34:00-05:00,,,,,,
2022-02-08 15:35:00-05:00,,,,,,
2022-02-08 15:36:00-05:00,,,,,,
2022-02-08 15:37:00-05:00,,,,,,
2022-02-08 15:38:00-05:00,,,,,,
2022-02-08 15:39:00-05:00,,,,,,
2022-02-08 15:40:00-05:00,,,,,,
2022-02-08 15:41:00-05:00,,,,,,
2022-02-08 15:42:00-05:00,,,,,,
2022-02-08 15:43:00-05:00,,,,,,
2022-02-08 15:44:00-05:00,,,,,,
2022-02-08 15:45:00-05:00,,,,,,
2022-02-08 15:46:00-05:00,,,,,,
2022-02-08 15:47:00-05:00,,,,,,
2022-02-08 15:48:00-05:00,,,,,,
2022-02-08 15:49:00-05:00,4.360000133514404,4.360000133514404,4.360000133514404,4.360000133514404,4.360000133514404,200.0
2022-02-08 15:50:00-05:00,,,,,,
2022-02-08 15:51:00-05:00,,,,,,
2022-02-08 15:52:00-05:00,,,,,,
2022-02-08 15:53:00-05:00,,,,,,
2022-02-08 15:54:00-05:00,4.360000133514404,4.360000133514404,4.360000133514404,4.360000133514404,4.360000133514404,453.0
2022-02-08 15:55:00-05:00,,,,,,
2022-02-08 15:56:00-05:00,,,,,,
2022-02-08 15:57:00-05:00,4.28000020980835,4.28000020980835,4.300000190734863,4.28000020980835,4.300000190734863,563.0
2022-02-08 15:58:00-05:00,,,,,,
2022-02-08 15:59:00-05:00,,,,,,
2022-02-09 09:30:00-05:00,4.25,4.25,4.25,4.25,4.25,0.0
2022-02-09 09:31:00-05:00,,,,,,
2022-02-09 09:32:00-05:00,,,,,,
2022-02-09 09:33:00-05:00,,,,,,
2022-02-09 09:34:00-05:00,,,,,,
2022-02-09 09:35:00-05:00,,,,,,
2022-02-09 09:36:00-05:00,,,,,,
2022-02-09 09:37:00-05:00,,,,,,
2022-02-09 09:38:00-05:00,,,,,,
2022-02-09 09:39:00-05:00,,,,,,
2022-02-09 09:40:00-05:00,,,,,,
2022-02-09 09:41:00-05:00,,,,,,
2022-02-09 09:42:00-05:00,4.47760009765625,4.47760009765625,4.47760009765625,4.47760009765625,4.47760009765625,133.0
2022-02-09 09:43:00-05:00,,,,,,
2022-02-09 09:44:00-05:00,,,,,,
2022-02-09 09:45:00-05:00,,,,,,
2022-02-09 09:46:00-05:00,,,,,,
2022-02-09 09:47:00-05:00,,,,,,
2022-02-09 09:48:00-05:00,,,,,,
2022-02-09 09:49:00-05:00,,,,,,
2022-02-09 09:50:00-05:00,,,,,,
2022-02-09 09:51:00-05:00,,,,,,
2022-02-09 09:52:00-05:00,,,,,,
2022-02-09 09:53:00-05:00,,,,,,
2022-02-09 09:54:00-05:00,,,,,,
2022-02-09 09:55:00-05:00,,,,,,
2022-02-09 09:56:00-05:00,,,,,,
2022-02-09 09:57:00-05:00,,,,,,
2022-02-09 09:58:00-05:00,,,,,,
2022-02-09 09:59:00-05:00,,,,,,
2022-02-09 10:00:00-05:00,,,,,,
2022-02-09 10:01:00-05:00,,,,,,
2022-02-09 10:02:00-05:00,,,,,,
2022-02-09 10:03:00-05:00,,,,,,
2022-02-09 10:04:00-05:00,,,,,,
2022-02-09 10:05:00-05:00,,,,,,
2022-02-09 10:06:00-05:00,,,,,,
2022-02-09 10:07:00-05:00,,,,,,
2022-02-09 10:08:00-05:00,,,,,,
2022-02-09 10:09:00-05:00,,,,,,
2022-02-09 10:10:00-05:00,,,,,,
2022-02-09 10:11:00-05:00,,,,,,
2022-02-09 10:12:00-05:00,,,,,,
2022-02-09 10:13:00-05:00,,,,,,
2022-02-09 10:14:00-05:00,,,,,,
2022-02-09 10:15:00-05:00,,,,,,
2022-02-09 10:16:00-05:00,,,,,,
2022-02-09 10:17:00-05:00,,,,,,
2022-02-09 10:18:00-05:00,,,,,,
2022-02-09 10:19:00-05:00,,,,,,
2022-02-09 10:20:00-05:00,,,,,,
2022-02-09 10:21:00-05:00,,,,,,
2022-02-09 10:22:00-05:00,,,,,,
2022-02-09 10:23:00-05:00,,,,,,
2022-02-09 10:24:00-05:00,,,,,,
2022-02-09 10:25:00-05:00,,,,,,
2022-02-09 10:26:00-05:00,,,,,,
2022-02-09 10:27:00-05:00,,,,,,
2022-02-09 10:28:00-05:00,,,,,,
2022-02-09 10:29:00-05:00,,,,,,
2022-02-09 10:30:00-05:00,,,,,,
2022-02-09 10:31:00-05:00,,,,,,
2022-02-09 10:32:00-05:00,,,,,,
2022-02-09 10:33:00-05:00,,,,,,
2022-02-09 10:34:00-05:00,,,,,,
2022-02-09 10:35:00-05:00,,,,,,
2022-02-09 10:36:00-05:00,4.320000171661377,4.320000171661377,4.320000171661377,4.320000171661377,4.320000171661377,109.0
2022-02-09 10:37:00-05:00,,,,,,
2022-02-09 10:38:00-05:00,,,,,,
2022-02-09 10:39:00-05:00,,,,,,
2022-02-09 10:40:00-05:00,,,,,,
2022-02-09 10:41:00-05:00,,,,,,
2022-02-09 10:42:00-05:00,,,,,,
2022-02-09 10:43:00-05:00,,,,,,
2022-02-09 10:44:00-05:00,,,,,,
2022-02-09 10:45:00-05:00,,,,,,
2022-02-09 10:46:00-05:00,,,,,,
2022-02-09 10:47:00-05:00,,,,,,
2022-02-09 10:48:00-05:00,,,,,,
2022-02-09 10:49:00-05:00,,,,,,
2022-02-09 10:50:00-05:00,,,,,,
2022-02-09 10:51:00-05:00,,,,,,
2022-02-09 10:52:00-05:00,,,,,,
2022-02-09 10:53:00-05:00,,,,,,
2022-02-09 10:54:00-05:00,,,,,,
2022-02-09 10:55:00-05:00,,,,,,
2022-02-09 10:56:00-05:00,,,,,,
2022-02-09 10:57:00-05:00,,,,,,
2022-02-09 10:58:00-05:00,,,,,,
2022-02-09 10:59:00-05:00,,,,,,
2022-02-09 11:00:00-05:00,,,,,,
2022-02-09 11:01:00-05:00,,,,,,
2022-02-09 11:02:00-05:00,,,,,,
2022-02-09 11:03:00-05:00,,,,,,
2022-02-09 11:04:00-05:00,,,,,,
2022-02-09 11:05:00-05:00,,,,,,
2022-02-09 11:06:00-05:00,,,,,,
2022-02-09 11:07:00-05:00,,,,,,
2022-02-09 11:08:00-05:00,,,,,,
2022-02-09 11:09:00-05:00,,,,,,
2022-02-09 11:10:00-05:00,,,,,,
2022-02-09 11:11:00-05:00,,,,,,
2022-02-09 11:12:00-05:00,,,,,,
2022-02-09 11:13:00-05:00,,,,,,
2022-02-09 11:14:00-05:00,,,,,,
2022-02-09 11:15:00-05:00,,,,,,
2022-02-09 11:16:00-05:00,,,,,,
2022-02-09 11:17:00-05:00,,,,,,
2022-02-09 11:18:00-05:00,,,,,,
2022-02-09 11:19:00-05:00,,,,,,
2022-02-09 11:20:00-05:00,,,,,,
2022-02-09 11:21:00-05:00,,,,,,
2022-02-09 11:22:00-05:00,,,,,,
2022-02-09 11:23:00-05:00,,,,,,
2022-02-09 11:24:00-05:00,,,,,,
2022-02-09 11:25:00-05:00,,,,,,
2022-02-09 11:26:00-05:00,,,,,,
2022-02-09 11:27:00-05:00,,,,,,
2022-02-09 11:28:00-05:00,,,,,,
2022-02-09 11:29:00-05:00,,,,,,
2022-02-09 11:30:00-05:00,,,,,,
2022-02-09 11:31:00-05:00,,,,,,
2022-02-09 11:32:00-05:00,,,,,,
2022-02-09 11:33:00-05:00,,,,,,
2022-02-09 11:34:00-05:00,,,,,,
2022-02-09 11:35:00-05:00,,,,,,
2022-02-09 11:36:00-05:00,,,,,,
2022-02-09 11:37:00-05:00,,,,,,
2022-02-09 11:38:00-05:00,,,,,,
2022-02-09 11:39:00-05:00,,,,,,
2022-02-09 11:40:00-05:00,,,,,,
2022-02-09 11:41:00-05:00,,,,,,
2022-02-09 11:42:00-05:00,,,,,,
2022-02-09 11:43:00-05:00,,,,,,
2022-02-09 11:44:00-05:00,,,,,,
2022-02-09 11:45:00-05:00,,,,,,
2022-02-09 11:46:00-05:00,,,,,,
2022-02-09 11:47:00-05:00,,,,,,
2022-02-09 11:48:00-05:00,,,,,,
2022-02-09 11:49:00-05:00,,,,,,
2022-02-09 11:50:00-05:00,,,,,,
2022-02-09 11:51:00-05:00,,,,,,
2022-02-09 11:52:00-05:00,,,,,,
2022-02-09 11:53:00-05:00,,,,,,
2022-02-09 11:54:00-05:00,,,,,,
2022-02-09 11:55:00-05:00,,,,,,
2022-02-09 11:56:00-05:00,,,,,,
2022-02-09 11:57:00-05:00,,,,,,
2022-02-09 11:58:00-05:00,,,,,,
2022-02-09 11:59:00-05:00,,,,,,
2022-02-09 12:00:00-05:00,,,,,,
2022-02-09 12:01:00-05:00,,,,,,
2022-02-09 12:02:00-05:00,,,,,,
2022-02-09 12:03:00-05:00,,,,,,
2022-02-09 12:04:00-05:00,,,,,,
2022-02-09 12:05:00-05:00,,,,,,
2022-02-09 12:06:00-05:00,,,,,,
2022-02-09 12:07:00-05:00,,,,,,
2022-02-09 12:08:00-05:00,,,,,,
2022-02-09 12:09:00-05:00,,,,,,
2022-02-09 12:10:00-05:00,,,,,,
2022-02-09 12:11:00-05:00,,,,,,
2022-02-09 12:12:00-05:00,,,,,,
2022-02-09 12:13:00-05:00,,,,,,
2022-02-09 12:14:00-05:00,,,,,,
2022-02-09 12:15:00-05:00,,,,,,
2022-02-09 12:16:00-05:00,,,,,,
2022-02-09 12:17:00-05:00,,,,,,
2022-02-09 12:18:00-05:00,,,,,,
2022-02-09 12:19:00-05:00,,,,,,
2022-02-09 12:20:00-05:00,,,,,,
2022-02-09 12:21:00-05:00,,,,,,
2022-02-09 12:22:00-05:00,,,,,,
2022-02-09 12:23:00-05:00,,,,,,
2022-02-09 12:24:00-05:00,,,,,,
2022-02-09 12:25:00-05:00,,,,,,
2022-02-09 12:26:00-05:00,,,,,,
2022-02-09 12:27:00-05:00,,,,,,
2022-02-09 12:28:00-05:00,,,,,,
2022-02-09 12:29:00-05:00,,,,,,
2022-02-09 12:30:00-05:00,,,,,,
2022-02-09 12:31:00-05:00,,,,,,
2022-02-09 12:32:00-05:00,,,,,,
2022-02-09 12:33:00-05:00,,,,,,
2022-02-09 12:34:00-05:00,,,,,,
2022-02-09 12:35:00-05:00,,,,,,
2022-02-09 12:36:00-05:00,,,,,,
2022-02-09 12:37:00-05:00,,,,,,
2022-02-09 12:38:00-05:00,,,,,,
2022-02-09 12:39:00-05:00,,,,,,
2022-02-09 12:40:00-05:00,,,,,,
2022-02-09 12:41:00-05:00,,,,,,
2022-02-09 12:42:00-05:00,,,,,,
2022-02-09 12:43:00-05:00,,,,,,
2022-02-09 12:44:00-05:00,,,,,,
2022-02-09 12:45:00-05:00,,,,,,
2022-02-09 12:46:00-05:00,,,,,,
2022-02-09 12:47:00-05:00,,,,,,
2022-02-09 12:48:00-05:00,,,,,,
2022-02-09 12:49:00-05:00,,,,,,
2022-02-09 12:50:00-05:00,,,,,,
2022-02-09 12:51:00-05:00,,,,,,
2022-02-09 12:52:00-05:00,,,,,,
2022-02-09 12:53:00-05:00,,,,,,
2022-02-09 12:54:00-05:00,,,,,,
2022-02-09 12:55:00-05:00,,,,,,
2022-02-09 12:56:00-05:00,,,,,,
2022-02-09 12:57:00-05:00,,,,,,
2022-02-09 12:58:00-05:00,,,,,,
2022-02-09 12:59:00-05:00,,,,,,
2022-02-09 13:00:00-05:00,,,,,,
2022-02-09 13:01:00-05:00,,,,,,
2022-02-09 13:02:00-05:00,,,,,,
2022-02-09 13:03:00-05:00,,,,,,
2022-02-09 13:04:00-05:00,,,,,,
2022-02-09 13:05:00-05:00,,,,,,
2022-02-09 13:06:00-05:00,,,,,,
2022-02-09 13:07:00-05:00,,,,,,
2022-02-09 13:08:00-05:00,,,,,,
2022-02-09 13:09:00-05:00,,,,,,
2022-02-09 13:10:00-05:00,,,,,,
2022-02-09 13:11:00-05:00,,,,,,
2022-02-09 13:12:00-05:00,,,,,,
2022-02-09 13:13:00-05:00,,,,,,
2022-02-09 13:14:00-05:00,,,,,,
2022-02-09 13:15:00-05:00,,,,,,
2022-02-09 13:16:00-05:00,,,,,,
2022-02-09 13:17:00-05:00,,,,,,
2022-02-09 13:18:00-05:00,,,,,,
2022-02-09 13:19:00-05:00,,,,,,
2022-02-09 13:20:00-05:00,,,,,,
2022-02-09 13:21:00-05:00,,,,,,
2022-02-09 13:22:00-05:00,,,,,,
2022-02-09 13:23:00-05:00,,,,,,
2022-02-09 13:24:00-05:00,,,,,,
2022-02-09 13:25:00-05:00,,,,,,
2022-02-09 13:26:00-05:00,,,,,,
2022-02-09 13:27:00-05:00,,,,,,
2022-02-09 13:28:00-05:00,,,,,,
2022-02-09 13:29:00-05:00,,,,,,
2022-02-09 13:30:00-05:00,4.397500038146973,4.397500038146973,4.400000095367432,4.389999866485596,4.390200138092041,1663.0
2022-02-09 13:31:00-05:00,,,,,,
2022-02-09 13:32:00-05:00,,,,,,
2022-02-09 13:33:00-05:00,,,,,,
2022-02-09 13:34:00-05:00,,,,,,
2022-02-09 13:35:00-05:00,,,,,,
2022-02-09 13:36:00-05:00,,,,,,
2022-02-09 13:37:00-05:00,,,,,,
2022-02-09 13:38:00-05:00,,,,,,
2022-02-09 13:39:00-05:00,,,,,,
2022-02-09 13:40:00-05:00,,,,,,
2022-02-09 13:41:00-05:00,,,,,,
2022-02-09 13:42:00-05:00,,,,,,
2022-02-09 13:43:00-05:00,,,,,,
2022-02-09 13:44:00-05:00,,,,,,
2022-02-09 13:45:00-05:00,,,,,,
2022-02-09 13:46:00-05:00,,,,,,
2022-02-09 13:47:00-05:00,,,,,,
2022-02-09 13:48:00-05:00,,,,,,
2022-02-09 13:49:00-05:00,,,,,,
2022-02-09 13:50:00-05:00,,,,,,
2022-02-09 13:51:00-05:00,,,,,,
2022-02-09 13:52:00-05:00,,,,,,
2022-02-09 13:53:00-05:00,,,,,,
2022-02-09 13:54:00-05:00,,,,,,
2022-02-09 13:55:00-05:00,,,,,,
2022-02-09 13:56:00-05:00,,,,,,
2022-02-09 13:57:00-05:00,,,,,,
2022-02-09 13:58:00-05:00,,,,,,
2022-02-09 13:59:00-05:00,,,,,,
2022-02-09 14:00:00-05:00,,,,,,
2022-02-09 14:01:00-05:00,4.340000152587891,4.340000152587891,4.340000152587891,4.340000152587891,4.340000152587891,1100.0
2022-02-09 14:02:00-05:00,4.302700042724609,4.302700042724609,4.329999923706055,4.302700042724609,4.329999923706055,600.0
2022-02-09 14:03:00-05:00,4.300000190734863,4.300000190734863,4.320000171661377,4.300000190734863,4.320000171661377,516.0
2022-02-09 14:04:00-05:00,4.302700042724609,4.302700042724609,4.320000171661377,4.302700042724609,4.320000171661377,500.0
2022-02-09 14:05:00-05:00,4.25,4.25,4.380000114440918,4.25,4.302700042724609,1710.0
2022-02-09 14:06:00-05:00,,,,,,
2022-02-09 14:07:00-05:00,,,,,,
2022-02-09 14:08:00-05:00,,,,,,
2022-02-09 14:09:00-05:00,,,,,,
2022-02-09 14:10:00-05:00,,,,,,
2022-02-09 14:11:00-05:00,,,,,,
2022-02-09 14:12:00-05:00,,,,,,
2022-02-09 14:13:00-05:00,,,,,,
2022-02-09 14:14:00-05:00,,,,,,
2022-02-09 14:15:00-05:00,,,,,,
2022-02-09 14:16:00-05:00,,,,,,
2022-02-09 14:17:00-05:00,,,,,,
2022-02-09 14:18:00-05:00,,,,,,
2022-02-09 14:19:00-05:00,,,,,,
2022-02-09 14:20:00-05:00,,,,,,
2022-02-09 14:21:00-05:00,,,,,,
2022-02-09 14:22:00-05:00,4.25,4.25,4.25,4.25,4.25,100.0
2022-02-09 14:23:00-05:00,,,,,,
2022-02-09 14:24:00-05:00,,,,,,
2022-02-09 14:25:00-05:00,,,,,,
2022-02-09 14:26:00-05:00,4.389900207519531,4.389900207519531,4.389900207519531,4.389900207519531,4.389900207519531,526.0
2022-02-09 14:27:00-05:00,,,,,,
2022-02-09 14:28:00-05:00,,,,,,
2022-02-09 14:29:00-05:00,,,,,,
2022-02-09 14:30:00-05:00,,,,,,
2022-02-09 14:31:00-05:00,,,,,,
2022-02-09 14:32:00-05:00,,,,,,
2022-02-09 14:33:00-05:00,,,,,,
2022-02-09 14:34:00-05:00,,,,,,
2022-02-09 14:35:00-05:00,,,,,,
2022-02-09 14:36:00-05:00,,,,,,
2022-02-09 14:37:00-05:00,,,,,,
2022-02-09 14:38:00-05:00,,,,,,
2022-02-09 14:39:00-05:00,,,,,,
2022-02-09 14:40:00-05:00,,,,,,
2022-02-09 14:41:00-05:00,,,,,,
2022-02-09 14:42:00-05:00,,,,,,
2022-02-09 14:43:00-05:00,,,,,,
2022-02-09 14:44:00-05:00,4.25,4.25,4.25,4.25,4.25,300.0
2022-02-09 14:45:00-05:00,,,,,,
2022-02-09 14:46:00-05:00,,,,,,
2022-02-09 14:47:00-05:00,,,,,,
2022-02-09 14:48:00-05:00,,,,,,
2022-02-09 14:49:00-05:00,,,,,,
2022-02-09 14:50:00-05:00,,,,,,
2022-02-09 14:51:00-05:00,,,,,,
2022-02-09 14:52:00-05:00,,,,,,
2022-02-09 14:53:00-05:00,,,,,,
2022-02-09 14:54:00-05:00,,,,,,
2022-02-09 14:55:00-05:00,,,,,,
2022-02-09 14:56:00-05:00,,,,,,
2022-02-09 14:57:00-05:00,,,,,,
2022-02-09 14:58:00-05:00,,,,,,
2022-02-09 14:59:00-05:00,,,,,,
2022-02-09 15:00:00-05:00,,,,,,
2022-02-09 15:01:00-05:00,,,,,,
2022-02-09 15:02:00-05:00,4.389900207519531,4.389900207519531,4.389900207519531,4.389900207519531,4.389900207519531,275.0
2022-02-09 15:03:00-05:00,,,,,,
2022-02-09 15:04:00-05:00,,,,,,
2022-02-09 15:05:00-05:00,,,,,,
2022-02-09 15:06:00-05:00,,,,,,
2022-02-09 15:07:00-05:00,,,,,,
2022-02-09 15:08:00-05:00,,,,,,
2022-02-09 15:09:00-05:00,,,,,,
2022-02-09 15:10:00-05:00,,,,,,
2022-02-09 15:11:00-05:00,,,,,,
2022-02-09 15:12:00-05:00,,,,,,
2022-02-09 15:13:00-05:00,,,,,,
2022-02-09 15:14:00-05:00,,,,,,
2022-02-09 15:15:00-05:00,,,,,,
2022-02-09 15:16:00-05:00,,,,,,
2022-02-09 15:17:00-05:00,,,,,,
2022-02-09 15:18:00-05:00,,,,,,
2022-02-09 15:19:00-05:00,,,,,,
2022-02-09 15:20:00-05:00,,,,,,
2022-02-09 15:21:00-05:00,,,,,,
2022-02-09 15:22:00-05:00,,,,,,
2022-02-09 15:23:00-05:00,,,,,,
2022-02-09 15:24:00-05:00,,,,,,
2022-02-09 15:25:00-05:00,,,,,,
2022-02-09 15:26:00-05:00,,,,,,
2022-02-09 15:27:00-05:00,,,,,,
2022-02-09 15:28:00-05:00,,,,,,
2022-02-09 15:29:00-05:00,,,,,,
2022-02-09 15:30:00-05:00,,,,,,
2022-02-09 15:31:00-05:00,,,,,,
2022-02-09 15:32:00-05:00,,,,,,
2022-02-09 15:33:00-05:00,,,,,,
2022-02-09 15:34:00-05:00,,,,,,
2022-02-09 15:35:00-05:00,,,,,,
2022-02-09 15:36:00-05:00,,,,,,
2022-02-09 15:37:00-05:00,,,,,,
2022-02-09 15:38:00-05:00,,,,,,
2022-02-09 15:39:00-05:00,,,,,,
2022-02-09 15:40:00-05:00,4.340000152587891,4.340000152587891,4.340000152587891,4.340000152587891,4.340000152587891,156.0
2022-02-09 15:41:00-05:00,,,,,,
2022-02-09 15:42:00-05:00,,,,,,
2022-02-09 15:43:00-05:00,,,,,,
2022-02-09 15:44:00-05:00,4.340000152587891,4.340000152587891,4.343200206756592,4.300000190734863,4.343200206756592,842.0
2022-02-09 15:45:00-05:00,,,,,,
2022-02-09 15:46:00-05:00,,,,,,
2022-02-09 15:47:00-05:00,,,,,,
2022-02-09 15:48:00-05:00,,,,,,
2022-02-09 15:49:00-05:00,,,,,,
2022-02-09 15:50:00-05:00,,,,,,
2022-02-09 15:51:00-05:00,,,,,,
2022-02-09 15:52:00-05:00,,,,,,
2022-02-09 15:53:00-05:00,,,,,,
2022-02-09 15:54:00-05:00,,,,,,
2022-02-09 15:55:00-05:00,,,,,,
2022-02-09 15:56:00-05:00,,,,,,
2022-02-09 15:57:00-05:00,4.300000190734863,4.300000190734863,4.300000190734863,4.300000190734863,4.300000190734863,0.0
2022-02-09 15:58:00-05:00,,,,,,
2022-02-09 15:59:00-05:00,,,,,,
2022-02-10 09:30:00-05:00,,,,,,
2022-02-10 09:31:00-05:00,,,,,,
2022-02-10 09:32:00-05:00,,,,,,
2022-02-10 09:33:00-05:00,,,,,,
2022-02-10 09:34:00-05:00,,,,,,
2022-02-10 09:35:00-05:00,,,,,,
2022-02-10 09:36:00-05:00,,,,,,
2022-02-10 09:37:00-05:00,,,,,,
2022-02-10 09:38:00-05:00,,,,,,
2022-02-10 09:39:00-05:00,,,,,,
2022-02-10 09:40:00-05:00,,,,,,
2022-02-10 09:41:00-05:00,,,,,,
2022-02-10 09:42:00-05:00,,,,,,
2022-02-10 09:43:00-05:00,,,,,,
2022-02-10 09:44:00-05:00,,,,,,
2022-02-10 09:45:00-05:00,,,,,,
2022-02-10 09:46:00-05:00,,,,,,
2022-02-10 09:47:00-05:00,,,,,,
2022-02-10 09:48:00-05:00,,,,,,
2022-02-10 09:49:00-05:00,,,,,,
2022-02-10 09:50:00-05:00,,,,,,
2022-02-10 09:51:00-05:00,,,,,,
2022-02-10 09:52:00-05:00,,,,,,
2022-02-10 09:53:00-05:00,,,,,,
2022-02-10 09:54:00-05:00,,,,,,
2022-02-10 09:55:00-05:00,,,,,,
2022-02-10 09:56:00-05:00,,,,,,
2022-02-10 09:57:00-05:00,,,,,,
2022-02-10 09:58:00-05:00,,,,,,
2022-02-10 09:59:00-05:00,,,,,,
2022-02-10 10:00:00-05:00,,,,,,
2022-02-10 10:01:00-05:00,,,,,,
2022-02-10 10:02:00-05:00,,,,,,
2022-02-10 10:03:00-05:00,,,,,,
2022-02-10 10:04:00-05:00,,,,,,
2022-02-10 10:05:00-05:00,,,,,,
2022-02-10 10:06:00-05:00,,,,,,
2022-02-10 10:07:00-05:00,,,,,,
2022-02-10 10:08:00-05:00,,,,,,
2022-02-10 10:09:00-05:00,,,,,,
2022-02-10 10:10:00-05:00,,,,,,
2022-02-10 10:11:00-05:00,,,,,,
2022-02-10 10:12:00-05:00,,,,,,
2022-02-10 10:13:00-05:00,,,,,,
2022-02-10 10:14:00-05:00,,,,,,
2022-02-10 10:15:00-05:00,,,,,,
2022-02-10 10:16:00-05:00,,,,,,
2022-02-10 10:17:00-05:00,,,,,,
2022-02-10 10:18:00-05:00,,,,,,
2022-02-10 10:19:00-05:00,,,,,,
2022-02-10 10:20:00-05:00,4.264999866485596,4.264999866485596,4.264999866485596,4.264999866485596,4.264999866485596,102.0
2022-02-10 10:21:00-05:00,,,,,,
2022-02-10 10:22:00-05:00,,,,,,
2022-02-10 10:23:00-05:00,4.269999980926514,4.269999980926514,4.269999980926514,4.260000228881836,4.269899845123291,1841.0
2022-02-10 10:24:00-05:00,,,,,,
2022-02-10 10:25:00-05:00,,,,,,
2022-02-10 10:26:00-05:00,,,,,,
2022-02-10 10:27:00-05:00,,,,,,
2022-02-10 10:28:00-05:00,,,,,,
2022-02-10 10:29:00-05:00,,,,,,
2022-02-10 10:30:00-05:00,,,,,,
2022-02-10 10:31:00-05:00,,,,,,
2022-02-10 10:32:00-05:00,,,,,,
2022-02-10 10:33:00-05:00,,,,,,
2022-02-10 10:34:00-05:00,,,,,,
2022-02-10 10:35:00-05:00,,,,,,
2022-02-10 10:36:00-05:00,,,,,,
2022-02-10 10:37:00-05:00,,,,,,
2022-02-10 10:38:00-05:00,,,,,,
2022-02-10 10:39:00-05:00,,,,,,
2022-02-10 10:40:00-05:00,,,,,,
2022-02-10 10:41:00-05:00,,,,,,
2022-02-10 10:42:00-05:00,,,,,,
2022-02-10 10:43:00-05:00,,,,,,
2022-02-10 10:44:00-05:00,,,,,,
2022-02-10 10:45:00-05:00,,,,,,
2022-02-10 10:46:00-05:00,,,,,,
2022-02-10 10:47:00-05:00,,,,,,
2022-02-10 10:48:00-05:00,,,,,,
2022-02-10 10:49:00-05:00,,,,,,
2022-02-10 10:50:00-05:00,,,,,,
2022-02-10 10:51:00-05:00,,,,,,
2022-02-10 10:52:00-05:00,,,,,,
2022-02-10 10:53:00-05:00,,,,,,
2022-02-10 10:54:00-05:00,,,,,,
2022-02-10 10:55:00-05:00,,,,,,
2022-02-10 10:56:00-05:00,,,,,,
2022-02-10 10:57:00-05:00,,,,,,
2022-02-10 10:58:00-05:00,,,,,,
2022-02-10 10:59:00-05:00,,,,,,
2022-02-10 11:00:00-05:00,,,,,,
2022-02-10 11:01:00-05:00,,,,,,
2022-02-10 11:02:00-05:00,,,,,,
2022-02-10 11:03:00-05:00,,,,,,
2022-02-10 11:04:00-05:00,,,,,,
2022-02-10 11:05:00-05:00,,,,,,
2022-02-10 11:06:00-05:00,,,,,,
2022-02-10 11:07:00-05:00,,,,,,
2022-02-10 11:08:00-05:00,,,,,,
2022-02-10 11:09:00-05:00,,,,,,
2022-02-10 11:10:00-05:00,,,,,,
2022-02-10 11:11:00-05:00,,,,,,
2022-02-10 11:12:00-05:00,,,,,,
2022-02-10 11:13:00-05:00,,,,,,
2022-02-10 11:14:00-05:00,,,,,,
2022-02-10 11:15:00-05:00,,,,,,
2022-02-10 11:16:00-05:00,,,,,,
2022-02-10 11:17:00-05:00,,,,,,
2022-02-10 11:18:00-05:00,,,,,,
2022-02-10 11:19:00-05:00,,,,,,
2022-02-10 11:20:00-05:00,,,,,,
2022-02-10 11:21:00-05:00,,,,,,
2022-02-10 11:22:00-05:00,,,,,,
2022-02-10 11:23:00-05:00,,,,,,
2022-02-10 11:24:00-05:00,,,,,,
2022-02-10 11:25:00-05:00,,,,,,
2022-02-10 11:26:00-05:00,,,,,,
2022-02-10 11:27:00-05:00,,,,,,
2022-02-10 11:28:00-05:00,,,,,,
2022-02-10 11:29:00-05:00,,,,,,
2022-02-10 11:30:00-05:00,,,,,,
2022-02-10 11:31:00-05:00,,,,,,
2022-02-10 11:32:00-05:00,,,,,,
2022-02-10 11:33:00-05:00,,,,,,
2022-02-10 11:34:00-05:00,,,,,,
2022-02-10 11:35:00-05:00,,,,,,
2022-02-10 11:36:00-05:00,,,,,,
2022-02-10 11:37:00-05:00,,,,,,
2022-02-10 11:38:00-05:00,,,,,,
2022-02-10 11:39:00-05:00,,,,,,
2022-02-10 11:40:00-05:00,,,,,,
2022-02-10 11:41:00-05:00,,,,,,
2022-02-10 11:42:00-05:00,,,,,,
2022-02-10 11:43:00-05:00,,,,,,
2022-02-10 11:44:00-05:00,,,,,,
2022-02-10 11:45:00-05:00,,,,,,
2022-02-10 11:46:00-05:00,,,,,,
2022-02-10 11:47:00-05:00,,,,,,
2022-02-10 11:48:00-05:00,,,,,,
2022-02-10 11:49:00-05:00,,,,,,
2022-02-10 11:50:00-05:00,,,,,,
2022-02-10 11:51:00-05:00,,,,,,
2022-02-10 11:52:00-05:00,,,,,,
2022-02-10 11:53:00-05:00,,,,,,
2022-02-10 11:54:00-05:00,,,,,,
2022-02-10 11:55:00-05:00,,,,,,
2022-02-10 11:56:00-05:00,,,,,,
2022-02-10 11:57:00-05:00,,,,,,
2022-02-10 11:58:00-05:00,,,,,,
2022-02-10 11:59:00-05:00,,,,,,
2022-02-10 12:00:00-05:00,,,,,,
2022-02-10 12:01:00-05:00,,,,,,
2022-02-10 12:02:00-05:00,,,,,,
2022-02-10 12:03:00-05:00,,,,,,
2022-02-10 12:04:00-05:00,,,,,,
2022-02-10 12:05:00-05:00,,,,,,
2022-02-10 12:06:00-05:00,,,,,,
2022-02-10 12:07:00-05:00,,,,,,
2022-02-10 12:08:00-05:00,,,,,,
2022-02-10 12:09:00-05:00,,,,,,
2022-02-10 12:10:00-05:00,,,,,,
2022-02-10 12:11:00-05:00,,,,,,
2022-02-10 12:12:00-05:00,,,,,,
2022-02-10 12:13:00-05:00,,,,,,
2022-02-10 12:14:00-05:00,,,,,,
2022-02-10 12:15:00-05:00,,,,,,
2022-02-10 12:16:00-05:00,,,,,,
2022-02-10 12:17:00-05:00,,,,,,
2022-02-10 12:18:00-05:00,,,,,,
2022-02-10 12:19:00-05:00,,,,,,
2022-02-10 12:20:00-05:00,,,,,,
2022-02-10 12:21:00-05:00,,,,,,
2022-02-10 12:22:00-05:00,,,,,,
2022-02-10 12:23:00-05:00,,,,,,
2022-02-10 12:24:00-05:00,,,,,,
2022-02-10 12:25:00-05:00,,,,,,
2022-02-10 12:26:00-05:00,,,,,,
2022-02-10 12:27:00-05:00,,,,,,
2022-02-10 12:28:00-05:00,,,,,,
2022-02-10 12:29:00-05:00,,,,,,
2022-02-10 12:30:00-05:00,,,,,,
2022-02-10 12:31:00-05:00,,,,,,
2022-02-10 12:32:00-05:00,,,,,,
2022-02-10 12:33:00-05:00,,,,,,
2022-02-10 12:34:00-05:00,,,,,,
2022-02-10 12:35:00-05:00,,,,,,
2022-02-10 12:36:00-05:00,,,,,,
2022-02-10 12:37:00-05:00,,,,,,
2022-02-10 12:38:00-05:00,,,,,,
2022-02-10 12:39:00-05:00,,,,,,
2022-02-10 12:40:00-05:00,,,,,,
2022-02-10 12:41:00-05:00,,,,,,
2022-02-10 12:42:00-05:00,,,,,,
2022-02-10 12:43:00-05:00,,,,,,
2022-02-10 12:44:00-05:00,,,,,,
2022-02-10 12:45:00-05:00,,,,,,
2022-02-10 12:46:00-05:00,,,,,,
2022-02-10 12:47:00-05:00,,,,,,
2022-02-10 12:48:00-05:00,,,,,,
2022-02-10 12:49:00-05:00,,,,,,
2022-02-10 12:50:00-05:00,,,,,,
2022-02-10 12:51:00-05:00,,,,,,
2022-02-10 12:52:00-05:00,,,,,,
2022-02-10 12:53:00-05:00,,,,,,
2022-02-10 12:54:00-05:00,,,,,,
2022-02-10 12:55:00-05:00,,,,,,
2022-02-10 12:56:00-05:00,,,,,,
2022-02-10 12:57:00-05:00,,,,,,
2022-02-10 12:58:00-05:00,,,,,,
2022-02-10 12:59:00-05:00,,,,,,
2022-02-10 13:00:00-05:00,,,,,,
2022-02-10 13:01:00-05:00,,,,,,
2022-02-10 13:02:00-05:00,,,,,,
2022-02-10 13:03:00-05:00,,,,,,
2022-02-10 13:04:00-05:00,,,,,,
2022-02-10 13:05:00-05:00,,,,,,
2022-02-10 13:06:00-05:00,,,,,,
2022-02-10 13:07:00-05:00,,,,,,
2022-02-10 13:08:00-05:00,,,,,,
2022-02-10 13:09:00-05:00,,,,,,
2022-02-10 13:10:00-05:00,,,,,,
2022-02-10 13:11:00-05:00,,,,,,
2022-02-10 13:12:00-05:00,,,,,,
2022-02-10 13:13:00-05:00,,,,,,
2022-02-10 13:14:00-05:00,,,,,,
2022-02-10 13:15:00-05:00,,,,,,
2022-02-10 13:16:00-05:00,,,,,,
2022-02-10 13:17:00-05:00,,,,,,
2022-02-10 13:18:00-05:00,,,,,,
2022-02-10 13:19:00-05:00,,,,,,
2022-02-10 13:20:00-05:00,,,,,,
2022-02-10 13:21:00-05:00,,,,,,
2022-02-10 13:22:00-05:00,,,,,,
2022-02-10 13:23:00-05:00,,,,,,
2022-02-10 13:24:00-05:00,,,,,,
2022-02-10 13:25:00-05:00,,,,,,
2022-02-10 13:26:00-05:00,,,,,,
2022-02-10 13:27:00-05:00,,,,,,
2022-02-10 13:28:00-05:00,,,,,,
2022-02-10 13:29:00-05:00,,,,,,
2022-02-10 13:30:00-05:00,,,,,,
2022-02-10 13:31:00-05:00,,,,,,
2022-02-10 13:32:00-05:00,,,,,,
2022-02-10 13:33:00-05:00,,,,,,
2022-02-10 13:34:00-05:00,,,,,,
2022-02-10 13:35:00-05:00,,,,,,
2022-02-10 13:36:00-05:00,,,,,,
2022-02-10 13:37:00-05:00,,,,,,
2022-02-10 13:38:00-05:00,,,,,,
2022-02-10 13:39:00-05:00,,,,,,
2022-02-10 13:40:00-05:00,,,,,,
2022-02-10 13:41:00-05:00,,,,,,
2022-02-10 13:42:00-05:00,,,,,,
2022-02-10 13:43:00-05:00,,,,,,
2022-02-10 13:44:00-05:00,4.440000057220459,4.440000057220459,4.440000057220459,4.440000057220459,4.440000057220459,109.0
2022-02-10 13:45:00-05:00,,,,,,
2022-02-10 13:46:00-05:00,4.389999866485596,4.389999866485596,4.440000057220459,4.389999866485596,4.440000057220459,241.0
2022-02-10 13:47:00-05:00,,,,,,
2022-02-10 13:48:00-05:00,,,,,,
2022-02-10 13:49:00-05:00,,,,,,
2022-02-10 13:50:00-05:00,,,,,,
2022-02-10 13:51:00-05:00,,,,,,
2022-02-10 13:52:00-05:00,,,,,,
2022-02-10 13:53:00-05:00,,,,,,
2022-02-10 13:54:00-05:00,,,,,,
2022-02-10 13:55:00-05:00,,,,,,
2022-02-10 13:56:00-05:00,,,,,,
2022-02-10 13:57:00-05:00,,,,,,
2022-02-10 13:58:00-05:00,,,,,,
2022-02-10 13:59:00-05:00,,,,,,
2022-02-10 14:00:00-05:00,,,,,,
2022-02-10 14:01:00-05:00,,,,,,
2022-02-10 14:02:00-05:00,,,,,,
2022-02-10 14:03:00-05:00,,,,,,
2022-02-10 14:04:00-05:00,,,,,,
2022-02-10 14:05:00-05:00,,,,,,
2022-02-10 14:06:00-05:00,,,,,,
2022-02-10 14:07:00-05:00,,,,,,
2022-02-10 14:08:00-05:00,,,,,,
2022-02-10 14:09:00-05:00,,,,,,
2022-02-10 14:10:00-05:00,,,,,,
2022-02-10 14:11:00-05:00,,,,,,
2022-02-10 14:12:00-05:00,,,,,,
2022-02-10 14:13:00-05:00,,,,,,
2022-02-10 14:14:00-05:00,,,,,,
2022-02-10 14:15:00-05:00,,,,,,
2022-02-10 14:16:00-05:00,,,,,,
2022-02-10 14:17:00-05:00,,,,,,
2022-02-10 14:18:00-05:00,,,,,,
2022-02-10 14:19:00-05:00,,,,,,
2022-02-10 14:20:00-05:00,,,,,,
2022-02-10 14:21:00-05:00,,,,,,
2022-02-10 14:22:00-05:00,,,,,,
2022-02-10 14:23:00-05:00,,,,,,
2022-02-10 14:24:00-05:00,,,,,,
2022-02-10 14:25:00-05:00,,,,,,
2022-02-10 14:26:00-05:00,,,,,,
2022-02-10 14:27:00-05:00,,,,,,
2022-02-10 14:28:00-05:00,,,,,,
2022-02-10 14:29:00-05:00,,,,,,
2022-02-10 14:30:00-05:00,,,,,,
2022-02-10 14:31:00-05:00,,,,,,
2022-02-10 14:32:00-05:00,,,,,,
2022-02-10 14:33:00-05:00,,,,,,
2022-02-10 14:34:00-05:00,,,,,,
2022-02-10 14:35:00-05:00,,,,,,
2022-02-10 14:36:00-05:00,,,,,,
2022-02-10 14:37:00-05:00,,,,,,
2022-02-10 14:38:00-05:00,,,,,,
2022-02-10 14:39:00-05:00,,,,,,
2022-02-10 14:40:00-05:00,,,,,,
2022-02-10 14:41:00-05:00,,,,,,
2022-02-10 14:42:00-05:00,,,,,,
2022-02-10 14:43:00-05:00,,,,,,
2022-02-10 14:44:00-05:00,,,,,,
2022-02-10 14:45:00-05:00,,,,,,
2022-02-10 14:46:00-05:00,,,,,,
2022-02-10 14:47:00-05:00,,,,,,
2022-02-10 14:48:00-05:00,,,,,,
2022-02-10 14:49:00-05:00,,,,,,
2022-02-10 14:50:00-05:00,,,,,,
2022-02-10 14:51:00-05:00,,,,,,
2022-02-10 14:52:00-05:00,,,,,,
2022-02-10 14:53:00-05:00,,,,,,
2022-02-10 14:54:00-05:00,,,,,,
2022-02-10 14:55:00-05:00,,,,,,
2022-02-10 14:56:00-05:00,,,,,,
2022-02-10 14:57:00-05:00,,,,,,
2022-02-10 14:58:00-05:00,,,,,,
2022-02-10 14:59:00-05:00,,,,,,
2022-02-10 15:00:00-05:00,,,,,,
2022-02-10 15:01:00-05:00,,,,,,
2022-02-10 15:02:00-05:00,,,,,,
2022-02-10 15:03:00-05:00,,,,,,
2022-02-10 15:04:00-05:00,,,,,,
2022-02-10 15:05:00-05:00,,,,,,
2022-02-10 15:06:00-05:00,,,,,,
2022-02-10 15:07:00-05:00,,,,,,
2022-02-10 15:08:00-05:00,,,,,,
2022-02-10 15:09:00-05:00,,,,,,
2022-02-10 15:10:00-05:00,,,,,,
2022-02-10 15:11:00-05:00,,,,,,
2022-02-10 15:12:00-05:00,,,,,,
2022-02-10 15:13:00-05:00,,,,,,
2022-02-10 15:14:00-05:00,,,,,,
2022-02-10 15:15:00-05:00,,,,,,
2022-02-10 15:16:00-05:00,,,,,,
2022-02-10 15:17:00-05:00,,,,,,
2022-02-10 15:18:00-05:00,,,,,,
2022-02-10 15:19:00-05:00,,,,,,
2022-02-10 15:20:00-05:00,,,,,,
2022-02-10 15:21:00-05:00,,,,,,
2022-02-10 15:22:00-05:00,,,,,,
2022-02-10 15:23:00-05:00,,,,,,
2022-02-10 15:24:00-05:00,,,,,,
2022-02-10 15:25:00-05:00,,,,,,
2022-02-10 15:26:00-05:00,,,,,,
2022-02-10 15:27:00-05:00,,,,,,
2022-02-10 15:28:00-05:00,,,,,,
2022-02-10 15:29:00-05:00,,,,,,
2022-02-10 15:30:00-05:00,,,,,,
2022-02-10 15:31:00-05:00,,,,,,
2022-02-10 15:32:00-05:00,,,,,,
2022-02-10 15:33:00-05:00,,,,,,
2022-02-10 15:34:00-05:00,,,,,,
2022-02-10 15:35:00-05:00,,,,,,
2022-02-10 15:36:00-05:00,,,,,,
2022-02-10 15:37:00-05:00,,,,,,
2022-02-10 15:38:00-05:00,,,,,,
2022-02-10 15:39:00-05:00,,,,,,
2022-02-10 15:40:00-05:00,4.460000038146973,4.460000038146973,4.460000038146973,4.449999809265137,4.449999809265137,495.0
2022-02-10 15:41:00-05:00,,,,,,
2022-02-10 15:42:00-05:00,,,,,,
2022-02-10 15:43:00-05:00,,,,,,
2022-02-10 15:44:00-05:00,,,,,,
2022-02-10 15:45:00-05:00,,,,,,
2022-02-10 15:46:00-05:00,,,,,,
2022-02-10 15:47:00-05:00,,,,,,
2022-02-10 15:48:00-05:00,,,,,,
2022-02-10 15:49:00-05:00,,,,,,
2022-02-10 15:50:00-05:00,,,,,,
2022-02-10 15:51:00-05:00,,,,,,
2022-02-10 15:52:00-05:00,,,,,,
2022-02-10 15:53:00-05:00,,,,,,
2022-02-10 15:54:00-05:00,,,,,,
2022-02-10 15:55:00-05:00,,,,,,
2022-02-10 15:56:00-05:00,,,,,,
2022-02-10 15:57:00-05:00,,,,,,
2022-02-10 15:58:00-05:00,,,,,,
2022-02-10 15:59:00-05:00,,,,,,
2022-02-11 09:30:00-05:00,,,,,,
2022-02-11 09:31:00-05:00,4.360000133514404,4.360000133514404,4.360000133514404,4.360000133514404,4.360000133514404,223.0
2022-02-11 09:32:00-05:00,,,,,,
2022-02-11 09:33:00-05:00,,,,,,
2022-02-11 09:34:00-05:00,,,,,,
2022-02-11 09:35:00-05:00,,,,,,
2022-02-11 09:36:00-05:00,,,,,,
2022-02-11 09:37:00-05:00,,,,,,
2022-02-11 09:38:00-05:00,,,,,,
2022-02-11 09:39:00-05:00,,,,,,
2022-02-11 09:40:00-05:00,,,,,,
2022-02-11 09:41:00-05:00,,,,,,
2022-02-11 09:42:00-05:00,,,,,,
2022-02-11 09:43:00-05:00,,,,,,
2022-02-11 09:44:00-05:00,,,,,,
2022-02-11 09:45:00-05:00,,,,,,
2022-02-11 09:46:00-05:00,,,,,,
2022-02-11 09:47:00-05:00,,,,,,
2022-02-11 09:48:00-05:00,,,,,,
2022-02-11 09:49:00-05:00,,,,,,
2022-02-11 09:50:00-05:00,,,,,,
2022-02-11 09:51:00-05:00,,,,,,
2022-02-11 09:52:00-05:00,,,,,,
2022-02-11 09:53:00-05:00,,,,,,
2022-02-11 09:54:00-05:00,,,,,,
2022-02-11 09:55:00-05:00,,,,,,
2022-02-11 09:56:00-05:00,,,,,,
2022-02-11 09:57:00-05:00,,,,,,
2022-02-11 09:58:00-05:00,,,,,,
2022-02-11 09:59:00-05:00,,,,,,
2022-02-11 10:00:00-05:00,,,,,,
2022-02-11 10:01:00-05:00,,,,,,
2022-02-11 10:02:00-05:00,,,,,,
2022-02-11 10:03:00-05:00,,,,,,
2022-02-11 10:04:00-05:00,,,,,,
2022-02-11 10:05:00-05:00,,,,,,
2022-02-11 10:06:00-05:00,,,,,,
2022-02-11 10:07:00-05:00,,,,,,
2022-02-11 10:08:00-05:00,,,,,,
2022-02-11 10:09:00-05:00,,,,,,
2022-02-11 10:10:00-05:00,,,,,,
2022-02-11 10:11:00-05:00,,,,,,
2022-02-11 10:12:00-05:00,,,,,,
2022-02-11 10:13:00-05:00,,,,,,
2022-02-11 10:14:00-05:00,,,,,,
2022-02-11 10:15:00-05:00,,,,,,
2022-02-11 10:16:00-05:00,,,,,,
2022-02-11 10:17:00-05:00,,,,,,
2022-02-11 10:18:00-05:00,,,,,,
2022-02-11 10:19:00-05:00,,,,,,
2022-02-11 10:20:00-05:00,,,,,,
2022-02-11 10:21:00-05:00,,,,,,
2022-02-11 10:22:00-05:00,,,,,,
2022-02-11 10:23:00-05:00,,,,,,
2022-02-11 10:24:00-05:00,,,,,,
2022-02-11 10:25:00-05:00,,,,,,
2022-02-11 10:26:00-05:00,,,,,,
2022-02-11 10:27:00-05:00,,,,,,
2022-02-11 10:28:00-05:00,,,,,,
2022-02-11 10:29:00-05:00,,,,,,
2022-02-11 10:30:00-05:00,4.449999809265137,4.449999809265137,4.449999809265137,4.449999809265137,4.449999809265137,255.0
2022-02-11 10:31:00-05:00,,,,,,
2022-02-11 10:32:00-05:00,,,,,,
2022-02-11 10:33:00-05:00,,,,,,
2022-02-11 10:34:00-05:00,,,,,,
2022-02-11 10:35:00-05:00,,,,,,
2022-02-11 10:36:00-05:00,,,,,,
2022-02-11 10:37:00-05:00,,,,,,
2022-02-11 10:38:00-05:00,,,,,,
2022-02-11 10:39:00-05:00,,,,,,
2022-02-11 10:40:00-05:00,,,,,,
2022-02-11 10:41:00-05:00,,,,,,
2022-02-11 10:42:00-05:00,,,,,,
2022-02-11 10:43:00-05:00,,,,,,
2022-02-11 10:44:00-05:00,,,,,,
2022-02-11 10:45:00-05:00,,,,,,
2022-02-11 10:46:00-05:00,,,,,,
2022-02-11 10:47:00-05:00,,,,,,
2022-02-11 10:48:00-05:00,,,,,,
2022-02-11 10:49:00-05:00,4.449999809265137,4.449999809265137,4.569799900054932,4.449999809265137,4.559999942779541,1366.0
2022-02-11 10:50:00-05:00,,,,,,
2022-02-11 10:51:00-05:00,,,,,,
2022-02-11 10:52:00-05:00,,,,,,
2022-02-11 10:53:00-05:00,,,,,,
2022-02-11 10:54:00-05:00,,,,,,
2022-02-11 10:55:00-05:00,,,,,,
2022-02-11 10:56:00-05:00,,,,,,
2022-02-11 10:57:00-05:00,,,,,,
2022-02-11 10:58:00-05:00,,,,,,
2022-02-11 10:59:00-05:00,,,,,,
2022-02-11 11:00:00-05:00,,,,,,
2022-02-11 11:01:00-05:00,,,,,,
2022-02-11 11:02:00-05:00,,,,,,
2022-02-11 11:03:00-05:00,,,,,,
2022-02-11 11:04:00-05:00,,,,,,
2022-02-11 11:05:00-05:00,,,,,,
2022-02-11 11:06:00-05:00,,,,,,
2022-02-11 11:07:00-05:00,,,,,,
2022-02-11 11:08:00-05:00,,,,,,
2022-02-11 11:09:00-05:00,,,,,,
2022-02-11 11:10:00-05:00,,,,,,
2022-02-11 11:11:00-05:00,,,,,,
2022-02-11 11:12:00-05:00,,,,,,
2022-02-11 11:13:00-05:00,,,,,,
2022-02-11 11:14:00-05:00,,,,,,
2022-02-11 11:15:00-05:00,,,,,,
2022-02-11 11:16:00-05:00,,,,,,
2022-02-11 11:17:00-05:00,,,,,,
2022-02-11 11:18:00-05:00,,,,,,
2022-02-11 11:19:00-05:00,,,,,,
2022-02-11 11:20:00-05:00,,,,,,
2022-02-11 11:21:00-05:00,,,,,,
2022-02-11 11:22:00-05:00,,,,,,
2022-02-11 11:23:00-05:00,,,,,,
2022-02-11 11:24:00-05:00,,,,,,
2022-02-11 11:25:00-05:00,,,,,,
2022-02-11 11:26:00-05:00,,,,,,
2022-02-11 11:27:00-05:00,,,,,,
2022-02-11 11:28:00-05:00,,,,,,
2022-02-11 11:29:00-05:00,,,,,,
2022-02-11 11:30:00-05:00,,,,,,
2022-02-11 11:31:00-05:00,,,,,,
2022-02-11 11:32:00-05:00,,,,,,
2022-02-11 11:33:00-05:00,,,,,,
2022-02-11 11:34:00-05:00,,,,,,
2022-02-11 11:35:00-05:00,,,,,,
2022-02-11 11:36:00-05:00,,,,,,
2022-02-11 11:37:00-05:00,,,,,,
2022-02-11 11:38:00-05:00,,,,,,
2022-02-11 11:39:00-05:00,,,,,,
2022-02-11 11:40:00-05:00,,,,,,
2022-02-11 11:41:00-05:00,,,,,,
2022-02-11 11:42:00-05:00,,,,,,
2022-02-11 11:43:00-05:00,,,,,,
2022-02-11 11:44:00-05:00,,,,,,
2022-02-11 11:45:00-05:00,,,,,,
2022-02-11 11:46:00-05:00,,,,,,
2022-02-11 11:47:00-05:00,,,,,,
2022-02-11 11:48:00-05:00,,,,,,
2022-02-11 11:49:00-05:00,,,,,,
2022-02-11 11:50:00-05:00,,,,,,
2022-02-11 11:51:00-05:00,,,,,,
2022-02-11 11:52:00-05:00,,,,,,
2022-02-11 11:53:00-05:00,,,,,,
2022-02-11 11:54:00-05:00,,,,,,
2022-02-11 11:55:00-05:00,,,,,,
2022-02-11 11:56:00-05:00,,,,,,
2022-02-11 11:57:00-05:00,,,,,,
2022-02-11 11:58:00-05:00,,,,,,
2022-02-11 11:59:00-05:00,,,,,,
2022-02-11 12:00:00-05:00,,,,,,
2022-02-11 12:01:00-05:00,,,,,,
2022-02-11 12:02:00-05:00,,,,,,
2022-02-11 12:03:00-05:00,,,,,,
2022-02-11 12:04:00-05:00,,,,,,
2022-02-11 12:05:00-05:00,,,,,,
2022-02-11 12:06:00-05:00,,,,,,
2022-02-11 12:07:00-05:00,,,,,,
2022-02-11 12:08:00-05:00,,,,,,
2022-02-11 12:09:00-05:00,,,,,,
2022-02-11 12:10:00-05:00,,,,,,
2022-02-11 12:11:00-05:00,,,,,,
2022-02-11 12:12:00-05:00,,,,,,
2022-02-11 12:13:00-05:00,,,,,,
2022-02-11 12:14:00-05:00,,,,,,
2022-02-11 12:15:00-05:00,,,,,,
2022-02-11 12:16:00-05:00,,,,,,
2022-02-11 12:17:00-05:00,,,,,,
2022-02-11 12:18:00-05:00,,,,,,
2022-02-11 12:19:00-05:00,,,,,,
2022-02-11 12:20:00-05:00,,,,,,
2022-02-11 12:21:00-05:00,,,,,,
2022-02-11 12:22:00-05:00,,,,,,
2022-02-11 12:23:00-05:00,,,,,,
2022-02-11 12:24:00-05:00,,,,,,
2022-02-11 12:25:00-05:00,,,,,,
2022-02-11 12:26:00-05:00,,,,,,
2022-02-11 12:27:00-05:00,,,,,,
2022-02-11 12:28:00-05:00,,,,,,
2022-02-11 12:29:00-05:00,,,,,,
2022-02-11 12:30:00-05:00,,,,,,
2022-02-11 12:31:00-05:00,,,,,,
2022-02-11 12:32:00-05:00,,,,,,
2022-02-11 12:33:00-05:00,,,,,,
2022-02-11 12:34:00-05:00,,,,,,
2022-02-11 12:35:00-05:00,,,,,,
2022-02-11 12:36:00-05:00,,,,,,
2022-02-11 12:37:00-05:00,,,,,,
2022-02-11 12:38:00-05:00,,,,,,
2022-02-11 12:39:00-05:00,,,,,,
2022-02-11 12:40:00-05:00,,,,,,
2022-02-11 12:41:00-05:00,,,,,,
2022-02-11 12:42:00-05:00,,,,,,
2022-02-11 12:43:00-05:00,,,,,,
2022-02-11 12:44:00-05:00,,,,,,
2022-02-11 12:45:00-05:00,,,,,,
2022-02-11 12:46:00-05:00,,,,,,
2022-02-11 12:47:00-05:00,,,,,,
2022-02-11 12:48:00-05:00,,,,,,
2022-02-11 12:49:00-05:00,,,,,,
2022-02-11 12:50:00-05:00,,,,,,
2022-02-11 12:51:00-05:00,,,,,,
2022-02-11 12:52:00-05:00,,,,,,
2022-02-11 12:53:00-05:00,,,,,,
2022-02-11 12:54:00-05:00,,,,,,
2022-02-11 12:55:00-05:00,,,,,,
2022-02-11 12:56:00-05:00,,,,,,
2022-02-11 12:57:00-05:00,,,,,,
2022-02-11 12:58:00-05:00,,,,,,
2022-02-11 12:59:00-05:00,,,,,,
2022-02-11 13:00:00-05:00,,,,,,
2022-02-11 13:01:00-05:00,,,,,,
2022-02-11 13:02:00-05:00,,,,,,
2022-02-11 13:03:00-05:00,,,,,,
2022-02-11 13:04:00-05:00,,,,,,
2022-02-11 13:05:00-05:00,,,,,,
2022-02-11 13:06:00-05:00,,,,,,
2022-02-11 13:07:00-05:00,,,,,,
2022-02-11 13:08:00-05:00,,,,,,
2022-02-11 13:09:00-05:00,4.3420000076293945,4.3420000076293945,4.3420000076293945,4.3420000076293945,4.3420000076293945,100.0
2022-02-11 13:10:00-05:00,,,,,,
2022-02-11 13:11:00-05:00,,,,,,
2022-02-11 13:12:00-05:00,,,,,,
2022-02-11 13:13:00-05:00,,,,,,
2022-02-11 13:14:00-05:00,,,,,,
2022-02-11 13:15:00-05:00,,,,,,
2022-02-11 13:16:00-05:00,,,,,,
2022-02-11 13:17:00-05:00,,,,,,
2022-02-11 13:18:00-05:00,,,,,,
2022-02-11 13:19:00-05:00,,,,,,
2022-02-11 13:20:00-05:00,,,,,,
2022-02-11 13:21:00-05:00,,,,,,
2022-02-11 13:22:00-05:00,,,,,,
2022-02-11 13:23:00-05:00,,,,,,
2022-02-11 13:24:00-05:00,,,,,,
2022-02-11 13:25:00-05:00,,,,,,
2022-02-11 13:26:00-05:00,,,,,,
2022-02-11 13:27:00-05:00,,,,,,
2022-02-11 13:28:00-05:00,,,,,,
2022-02-11 13:29:00-05:00,,,,,,
2022-02-11 13:30:00-05:00,,,,,,
2022-02-11 13:31:00-05:00,,,,,,
2022-02-11 13:32:00-05:00,,,,,,
2022-02-11 13:33:00-05:00,,,,,,
2022-02-11 13:34:00-05:00,,,,,,
2022-02-11 13:35:00-05:00,,,,,,
2022-02-11 13:36:00-05:00,,,,,,
2022-02-11 13:37:00-05:00,,,,,,
2022-02-11 13:38:00-05:00,,,,,,
2022-02-11 13:39:00-05:00,,,,,,
2022-02-11 13:40:00-05:00,,,,,,
2022-02-11 13:41:00-05:00,,,,,,
2022-02-11 13:42:00-05:00,,,,,,
2022-02-11 13:43:00-05:00,,,,,,
2022-02-11 13:44:00-05:00,,,,,,
2022-02-11 13:45:00-05:00,,,,,,
2022-02-11 13:46:00-05:00,,,,,,
2022-02-11 13:47:00-05:00,4.309999942779541,4.309999942779541,4.309999942779541,4.309999942779541,4.309999942779541,202.0
2022-02-11 13:48:00-05:00,,,,,,
2022-02-11 13:49:00-05:00,,,,,,
2022-02-11 13:50:00-05:00,,,,,,
2022-02-11 13:51:00-05:00,,,,,,
2022-02-11 13:52:00-05:00,,,,,,
2022-02-11 13:53:00-05:00,,,,,,
2022-02-11 13:54:00-05:00,,,,,,
2022-02-11 13:55:00-05:00,,,,,,
2022-02-11 13:56:00-05:00,,,,,,
2022-02-11 13:57:00-05:00,,,,,,
2022-02-11 13:58:00-05:00,,,,,,
2022-02-11 13:59:00-05:00,,,,,,
2022-02-11 14:00:00-05:00,,,,,,
2022-02-11 14:01:00-05:00,,,,,,
2022-02-11 14:02:00-05:00,,,,,,
2022-02-11 14:03:00-05:00,,,,,,
2022-02-11 14:04:00-05:00,,,,,,
2022-02-11 14:05:00-05:00,,,,,,
2022-02-11 14:06:00-05:00,,,,,,
2022-02-11 14:07:00-05:00,,,,,,
2022-02-11 14:08:00-05:00,,,,,,
2022-02-11 14:09:00-05:00,,,,,,
2022-02-11 14:10:00-05:00,,,,,,
2022-02-11 14:11:00-05:00,,,,,,
2022-02-11 14:12:00-05:00,,,,,,
2022-02-11 14:13:00-05:00,,,,,,
2022-02-11 14:14:00-05:00,,,,,,
2022-02-11 14:15:00-05:00,,,,,,
2022-02-11 14:16:00-05:00,,,,,,
2022-02-11 14:17:00-05:00,,,,,,
2022-02-11 14:18:00-05:00,,,,,,
2022-02-11 14:19:00-05:00,,,,,,
2022-02-11 14:20:00-05:00,,,,,,
2022-02-11 14:21:00-05:00,,,,,,
2022-02-11 14:22:00-05:00,,,,,,
2022-02-11 14:23:00-05:00,,,,,,
2022-02-11 14:24:00-05:00,,,,,,
2022-02-11 14:25:00-05:00,,,,,,
2022-02-11 14:26:00-05:00,,,,,,
2022-02-11 14:27:00-05:00,,,,,,
2022-02-11 14:28:00-05:00,,,,,,
2022-02-11 14:29:00-05:00,,,,,,
2022-02-11 14:30:00-05:00,,,,,,
2022-02-11 14:31:00-05:00,,,,,,
2022-02-11 14:32:00-05:00,,,,,,
2022-02-11 14:33:00-05:00,4.320000171661377,4.320000171661377,4.320000171661377,4.320000171661377,4.320000171661377,101.0
2022-02-11 14:34:00-05:00,,,,,,
2022-02-11 14:35:00-05:00,,,,,,
2022-02-11 14:36:00-05:00,,,,,,
2022-02-11 14:37:00-05:00,,,,,,
2022-02-11 14:38:00-05:00,,,,,,
2022-02-11 14:39:00-05:00,,,,,,
2022-02-11 14:40:00-05:00,,,,,,
2022-02-11 14:41:00-05:00,,,,,,
2022-02-11 14:42:00-05:00,,,,,,
2022-02-11 14:43:00-05:00,,,,,,
2022-02-11 14:44:00-05:00,,,,,,
2022-02-11 14:45:00-05:00,,,,,,
2022-02-11 14:46:00-05:00,,,,,,
2022-02-11 14:47:00-05:00,,,,,,
2022-02-11 14:48:00-05:00,,,,,,
2022-02-11 14:49:00-05:00,,,,,,
2022-02-11 14:50:00-05:00,,,,,,
2022-02-11 14:51:00-05:00,,,,,,
2022-02-11 14:52:00-05:00,,,,,,
2022-02-11 14:53:00-05:00,,,,,,
2022-02-11 14:54:00-05:00,,,,,,
2022-02-11 14:55:00-05:00,,,,,,
2022-02-11 14:56:00-05:00,,,,,,
2022-02-11 14:57:00-05:00,,,,,,
2022-02-11 14:58:00-05:00,,,,,,
2022-02-11 14:59:00-05:00,,,,,,
2022-02-11 15:00:00-05:00,,,,,,
2022-02-11 15:01:00-05:00,,,,,,
2022-02-11 15:02:00-05:00,,,,,,
2022-02-11 15:03:00-05:00,,,,,,
2022-02-11 15:04:00-05:00,,,,,,
2022-02-11 15:05:00-05:00,,,,,,
2022-02-11 15:06:00-05:00,,,,,,
2022-02-11 15:07:00-05:00,,,,,,
2022-02-11 15:08:00-05:00,,,,,,
2022-02-11 15:09:00-05:00,,,,,,
2022-02-11 15:10:00-05:00,,,,,,
2022-02-11 15:11:00-05:00,,,,,,
2022-02-11 15:12:00-05:00,,,,,,
2022-02-11 15:13:00-05:00,,,,,,
2022-02-11 15:14:00-05:00,,,,,,
2022-02-11 15:15:00-05:00,,,,,,
2022-02-11 15:16:00-05:00,,,,,,
2022-02-11 15:17:00-05:00,,,,,,
2022-02-11 15:18:00-05:00,,,,,,
2022-02-11 15:19:00-05:00,,,,,,
2022-02-11 15:20:00-05:00,,,,,,
2022-02-11 15:21:00-05:00,,,,,,
2022-02-11 15:22:00-05:00,,,,,,
2022-02-11 15:23:00-05:00,,,,,,
2022-02-11 15:24:00-05:00,,,,,,
2022-02-11 15:25:00-05:00,,,,,,
2022-02-11 15:26:00-05:00,,,,,,
2022-02-11 15:27:00-05:00,,,,,,
2022-02-11 15:28:00-05:00,,,,,,
2022-02-11 15:29:00-05:00,,,,,,
2022-02-11 15:30:00-05:00,,,,,,
2022-02-11 15:31:00-05:00,,,,,,
2022-02-11 15:32:00-05:00,,,,,,
2022-02-11 15:33:00-05:00,,,,,,
2022-02-11 15:34:00-05:00,,,,,,
2022-02-11 15:35:00-05:00,,,,,,
2022-02-11 15:36:00-05:00,,,,,,
2022-02-11 15:37:00-05:00,,,,,,
2022-02-11 15:38:00-05:00,,,,,,
2022-02-11 15:39:00-05:00,,,,,,
2022-02-11 15:40:00-05:00,,,,,,
2022-02-11 15:41:00-05:00,,,,,,
2022-02-11 15:42:00-05:00,,,,,,
2022-02-11 15:43:00-05:00,,,,,,
2022-02-11 15:44:00-05:00,,,,,,
2022-02-11 15:45:00-05:00,4.380000114440918,4.380000114440918,4.380000114440918,4.380000114440918,4.380000114440918,645.0
2022-02-11 15:46:00-05:00,4.369999885559082,4.369999885559082,4.369999885559082,4.369999885559082,4.369999885559082,200.0
2022-02-11 15:47:00-05:00,,,,,,
2022-02-11 15:48:00-05:00,,,,,,
2022-02-11 15:49:00-05:00,,,,,,
2022-02-11 15:50:00-05:00,,,,,,
2022-02-11 15:51:00-05:00,,,,,,
2022-02-11 15:52:00-05:00,,,,,,
2022-02-11 15:53:00-05:00,,,,,,
2022-02-11 15:54:00-05:00,,,,,,
2022-02-11 15:55:00-05:00,,,,,,
2022-02-11 15:56:00-05:00,,,,,,
2022-02-11 15:57:00-05:00,,,,,,
2022-02-11 15:58:00-05:00,4.380000114440918,4.380000114440918,4.389999866485596,4.380000114440918,4.389999866485596,1000.0
2022-02-11 15:59:00-05:00,,,,,,
2022-02-14 09:30:00-05:00,4.429999828338623,4.429999828338623,4.429999828338623,4.429999828338623,4.429999828338623,176.0
2022-02-14 09:31:00-05:00,,,,,,
2022-02-14 09:32:00-05:00,,,,,,
2022-02-14 09:33:00-05:00,,,,,,
2022-02-14 09:34:00-05:00,,,,,,
2022-02-14 09:35:00-05:00,,,,,,
2022-02-14 09:36:00-05:00,,,,,,
2022-02-14 09:37:00-05:00,,,,,,
2022-02-14 09:38:00-05:00,,,,,,
2022-02-14 09:39:00-05:00,,,,,,
2022-02-14 09:40:00-05:00,,,,,,
2022-02-14 09:41:00-05:00,,,,,,
2022-02-14 09:42:00-05:00,,,,,,
2022-02-14 09:43:00-05:00,,,,,,
2022-02-14 09:44:00-05:00,,,,,,
2022-02-14 09:45:00-05:00,4.300000190734863,4.300000190734863,4.300000190734863,4.300000190734863,4.300000190734863,204.0
2022-02-14 09:46:00-05:00,,,,,,
2022-02-14 09:47:00-05:00,,,,,,
2022-02-14 09:48:00-05:00,,,,,,
2022-02-14 09:49:00-05:00,,,,,,
2022-02-14 09:50:00-05:00,,,,,,
2022-02-14 09:51:00-05:00,,,,,,
2022-02-14 09:52:00-05:00,,,,,,
2022-02-14 09:53:00-05:00,,,,,,
2022-02-14 09:54:00-05:00,,,,,,
2022-02-14 09:55:00-05:00,,,,,,
2022-02-14 09:56:00-05:00,,,,,,
2022-02-14 09:57:00-05:00,,,,,,
2022-02-14 09:58:00-05:00,,,,,,
2022-02-14 09:59:00-05:00,,,,,,
2022-02-14 10:00:00-05:00,,,,,,
2022-02-14 10:01:00-05:00,,,,,,
2022-02-14 10:02:00-05:00,,,,,,
2022-02-14 10:03:00-05:00,,,,,,
2022-02-14 10:04:00-05:00,,,,,,
2022-02-14 10:05:00-05:00,,,,,,
2022-02-14 10:06:00-05:00,,,,,,
2022-02-14 10:07:00-05:00,,,,,,
2022-02-14 10:08:00-05:00,,,,,,
2022-02-14 10:09:00-05:00,,,,,,
2022-02-14 10:10:00-05:00,,,,,,
2022-02-14 10:11:00-05:00,,,,,,
2022-02-14 10:12:00-05:00,,,,,,
2022-02-14 10:13:00-05:00,,,,,,
2022-02-14 10:14:00-05:00,,,,,,
2022-02-14 10:15:00-05:00,,,,,,
2022-02-14 10:16:00-05:00,,,,,,
2022-02-14 10:17:00-05:00,,,,,,
2022-02-14 10:18:00-05:00,,,,,,
2022-02-14 10:19:00-05:00,,,,,,
2022-02-14 10:20:00-05:00,,,,,,
2022-02-14 10:21:00-05:00,,,,,,
2022-02-14 10:22:00-05:00,,,,,,
2022-02-14 10:23:00-05:00,,,,,,
2022-02-14 10:24:00-05:00,,,,,,
2022-02-14 10:25:00-05:00,,,,,,
2022-02-14 10:26:00-05:00,,,,,,
2022-02-14 10:27:00-05:00,,,,,,
2022-02-14 10:28:00-05:00,,,,,,
2022-02-14 10:29:00-05:00,,,,,,
2022-02-14 10:30:00-05:00,,,,,,
2022-02-14 10:31:00-05:00,,,,,,
2022-02-14 10:32:00-05:00,,,,,,
2022-02-14 10:33:00-05:00,,,,,,
2022-02-14 10:34:00-05:00,,,,,,
2022-02-14 10:35:00-05:00,,,,,,
2022-02-14 10:36:00-05:00,,,,,,
2022-02-14 10:37:00-05:00,,,,,,
2022-02-14 10:38:00-05:00,,,,,,
2022-02-14 10:39:00-05:00,,,,,,
2022-02-14 10:40:00-05:00,,,,,,
2022-02-14 10:41:00-05:00,,,,,,
2022-02-14 10:42:00-05:00,,,,,,
2022-02-14 10:43:00-05:00,,,,,,
2022-02-14 10:44:00-05:00,,,,,,
2022-02-14 10:45:00-05:00,,,,,,
2022-02-14 10:46:00-05:00,,,,,,
2022-02-14 10:47:00-05:00,,,,,,
2022-02-14 10:48:00-05:00,,,,,,
2022-02-14 10:49:00-05:00,,,,,,
2022-02-14 10:50:00-05:00,,,,,,
2022-02-14 10:51:00-05:00,,,,,,
2022-02-14 10:52:00-05:00,,,,,,
2022-02-14 10:53:00-05:00,,,,,,
2022-02-14 10:54:00-05:00,,,,,,
2022-02-14 10:55:00-05:00,,,,,,
2022-02-14 10:56:00-05:00,,,,,,
2022-02-14 10:57:00-05:00,,,,,,
2022-02-14 10:58:00-05:00,,,,,,
2022-02-14 10:59:00-05:00,,,,,,
2022-02-14 11:00:00-05:00,,,,,,
2022-02-14 11:01:00-05:00,,,,,,
2022-02-14 11:02:00-05:00,,,,,,
2022-02-14 11:03:00-05:00,,,,,,
2022-02-14 11:04:00-05:00,,,,,,
2022-02-14 11:05:00-05:00,,,,,,
2022-02-14 11:06:00-05:00,,,,,,
2022-02-14 11:07:00-05:00,,,,,,
2022-02-14 11:08:00-05:00,,,,,,
2022-02-14 11:09:00-05:00,,,,,,
2022-02-14 11:10:00-05:00,,,,,,
2022-02-14 11:11:00-05:00,,,,,,
2022-02-14 11:12:00-05:00,,,,,,
2022-02-14 11:13:00-05:00,,,,,,
2022-02-14 11:14:00-05:00,,,,,,
2022-02-14 11:15:00-05:00,,,,,,
2022-02-14 11:16:00-05:00,,,,,,
2022-02-14 11:17:00-05:00,,,,,,
2022-02-14 11:18:00-05:00,,,,,,
2022-02-14 11:19:00-05:00,,,,,,
2022-02-14 11:20:00-05:00,,,,,,
2022-02-14 11:21:00-05:00,4.300000190734863,4.300000190734863,4.300000190734863,4.300000190734863,4.300000190734863,107.0
2022-02-14 11:22:00-05:00,,,,,,
2022-02-14 11:23:00-05:00,,,,,,
2022-02-14 11:24:00-05:00,,,,,,
2022-02-14 11:25:00-05:00,,,,,,
2022-02-14 11:26:00-05:00,,,,,,
2022-02-14 11:27:00-05:00,,,,,,
2022-02-14 11:28:00-05:00,,,,,,
2022-02-14 11:29:00-05:00,,,,,,
2022-02-14 11:30:00-05:00,,,,,,
2022-02-14 11:31:00-05:00,,,,,,
2022-02-14 11:32:00-05:00,,,,,,
2022-02-14 11:33:00-05:00,,,,,,
2022-02-14 11:34:00-05:00,,,,,,
2022-02-14 11:35:00-05:00,,,,,,
2022-02-14 11:36:00-05:00,,,,,,
2022-02-14 11:37:00-05:00,,,,,,
2022-02-14 11:38:00-05:00,,,,,,
2022-02-14 11:39:00-05:00,,,,,,
2022-02-14 11:40:00-05:00,,,,,,
2022-02-14 11:41:00-05:00,,,,,,
2022-02-14 11:42:00-05:00,,,,,,
2022-02-14 11:43:00-05:00,,,,,,
2022-02-14 11:44:00-05:00,,,,,,
2022-02-14 11:45:00-05:00,,,,,,
2022-02-14 11:46:00-05:00,,,,,,
2022-02-14 11:47:00-05:00,,,,,,
2022-02-14 11:48:00-05:00,,,,,,
2022-02-14 11:49:00-05:00,,,,,,
2022-02-14 11:50:00-05:00,,,,,,
2022-02-14 11:51:00-05:00,,,,,,
2022-02-14 11:52:00-05:00,,,,,,
2022-02-14 11:53:00-05:00,,,,,,
2022-02-14 11:54:00-05:00,,,,,,
2022-02-14 11:55:00-05:00,,,,,,
2022-02-14 11:56:00-05:00,,,,,,
2022-02-14 11:57:00-05:00,,,,,,
2022-02-14 11:58:00-05:00,,,,,,
2022-02-14 11:59:00-05:00,,,,,,
2022-02-14 12:00:00-05:00,,,,,,
2022-02-14 12:01:00-05:00,,,,,,
2022-02-14 12:02:00-05:00,,,,,,
2022-02-14 12:03:00-05:00,4.25,4.25,4.25,4.25,4.25,114.0
2022-02-14 12:04:00-05:00,,,,,,
2022-02-14 12:05:00-05:00,,,,,,
2022-02-14 12:06:00-05:00,,,,,,
2022-02-14 12:07:00-05:00,,,,,,
2022-02-14 12:08:00-05:00,,,,,,
2022-02-14 12:09:00-05:00,,,,,,
2022-02-14 12:10:00-05:00,,,,,,
2022-02-14 12:11:00-05:00,,,,,,
2022-02-14 12:12:00-05:00,,,,,,
2022-02-14 12:13:00-05:00,,,,,,
2022-02-14 12:14:00-05:00,,,,,,
2022-02-14 12:15:00-05:00,,,,,,
2022-02-14 12:16:00-05:00,4.25,4.25,4.25,4.25,4.25,145.0
2022-02-14 12:17:00-05:00,,,,,,
2022-02-14 12:18:00-05:00,,,,,,
2022-02-14 12:19:00-05:00,,,,,,
2022-02-14 12:20:00-05:00,,,,,,
2022-02-14 12:21:00-05:00,,,,,,
2022-02-14 12:22:00-05:00,,,,,,
2022-02-14 12:23:00-05:00,,,,,,
2022-02-14 12:24:00-05:00,,,,,,
2022-02-14 12:25:00-05:00,,,,,,
2022-02-14 12:26:00-05:00,,,,,,
2022-02-14 12:27:00-05:00,,,,,,
2022-02-14 12:28:00-05:00,,,,,,
2022-02-14 12:29:00-05:00,,,,,,
2022-02-14 12:30:00-05:00,,,,,,
2022-02-14 12:31:00-05:00,,,,,,
2022-02-14 12:32:00-05:00,,,,,,
2022-02-14 12:33:00-05:00,,,,,,
2022-02-14 12:34:00-05:00,,,,,,
2022-02-14 12:35:00-05:00,,,,,,
2022-02-14 12:36:00-05:00,,,,,,
2022-02-14 12:37:00-05:00,,,,,,
2022-02-14 12:38:00-05:00,,,,,,
2022-02-14 12:39:00-05:00,,,,,,
2022-02-14 12:40:00-05:00,,,,,,
2022-02-14 12:41:00-05:00,,,,,,
2022-02-14 12:42:00-05:00,,,,,,
2022-02-14 12:43:00-05:00,,,,,,
2022-02-14 12:44:00-05:00,,,,,,
2022-02-14 12:45:00-05:00,,,,,,
2022-02-14 12:46:00-05:00,,,,,,
2022-02-14 12:47:00-05:00,,,,,,
2022-02-14 12:48:00-05:00,,,,,,
2022-02-14 12:49:00-05:00,,,,,,
2022-02-14 12:50:00-05:00,,,,,,
2022-02-14 12:51:00-05:00,,,,,,
2022-02-14 12:52:00-05:00,,,,,,
2022-02-14 12:53:00-05:00,,,,,,
2022-02-14 12:54:00-05:00,,,,,,
2022-02-14 12:55:00-05:00,,,,,,
2022-02-14 12:56:00-05:00,,,,,,
2022-02-14 12:57:00-05:00,,,,,,
2022-02-14 12:58:00-05:00,,,,,,
2022-02-14 12:59:00-05:00,,,,,,
2022-02-14 13:00:00-05:00,,,,,,
2022-02-14 13:01:00-05:00,,,,,,
2022-02-14 13:02:00-05:00,,,,,,
2022-02-14 13:03:00-05:00,,,,,,
2022-02-14 13:04:00-05:00,,,,,,
2022-02-14 13:05:00-05:00,,,,,,
2022-02-14 13:06:00-05:00,,,,,,
2022-02-14 13:07:00-05:00,,,,,,
2022-02-14 13:08:00-05:00,,,,,,
2022-02-14 13:09:00-05:00,,,,,,
2022-02-14 13:10:00-05:00,,,,,,
2022-02-14 13:11:00-05:00,,,,,,
2022-02-14 13:12:00-05:00,,,,,,
2022-02-14 13:13:00-05:00,,,,,,
2022-02-14 13:14:00-05:00,,,,,,
2022-02-14 13:15:00-05:00,,,,,,
2022-02-14 13:16:00-05:00,,,,,,
2022-02-14 13:17:00-05:00,,,,,,
2022-02-14 13:18:00-05:00,4.250199794769287,4.250199794769287,4.250199794769287,4.25,4.250199794769287,922.0
2022-02-14 13:19:00-05:00,,,,,,
2022-02-14 13:20:00-05:00,4.199999809265137,4.199999809265137,4.199999809265137,4.199999809265137,4.199999809265137,100.0
2022-02-14 13:21:00-05:00,,,,,,
2022-02-14 13:22:00-05:00,,,,,,
2022-02-14 13:23:00-05:00,,,,,,
2022-02-14 13:24:00-05:00,,,,,,
2022-02-14 13:25:00-05:00,,,,,,
2022-02-14 13:26:00-05:00,,,,,,
2022-02-14 13:27:00-05:00,,,,,,
2022-02-14 13:28:00-05:00,,,,,,
2022-02-14 13:29:00-05:00,4.199999809265137,4.199999809265137,4.23960018157959,4.199999809265137,4.23960018157959,403.0
2022-02-14 13:30:00-05:00,,,,,,
2022-02-14 13:31:00-05:00,,,,,,
2022-02-14 13:32:00-05:00,,,,,,
2022-02-14 13:33:00-05:00,,,,,,
2022-02-14 13:34:00-05:00,,,,,,
2022-02-14 13:35:00-05:00,,,,,,
2022-02-14 13:36:00-05:00,,,,,,
2022-02-14 13:37:00-05:00,,,,,,
2022-02-14 13:38:00-05:00,,,,,,
2022-02-14 13:39:00-05:00,4.199999809265137,4.199999809265137,4.199999809265137,4.199999809265137,4.199999809265137,100.0
2022-02-14 13:40:00-05:00,,,,,,
2022-02-14 13:41:00-05:00,,,,,,
2022-02-14 13:42:00-05:00,,,,,,
2022-02-14 13:43:00-05:00,,,,,,
2022-02-14 13:44:00-05:00,,,,,,
2022-02-14 13:45:00-05:00,,,,,,
2022-02-14 13:46:00-05:00,,,,,,
2022-02-14 13:47:00-05:00,,,,,,
2022-02-14 13:48:00-05:00,,,,,,
2022-02-14 13:49:00-05:00,,,,,,
2022-02-14 13:50:00-05:00,,,,,,
2022-02-14 13:51:00-05:00,,,,,,
2022-02-14 13:52:00-05:00,,,,,,
2022-02-14 13:53:00-05:00,,,,,,
2022-02-14 13:54:00-05:00,,,,,,
2022-02-14 13:55:00-05:00,,,,,,
2022-02-14 13:56:00-05:00,,,,,,
2022-02-14 13:57:00-05:00,,,,,,
2022-02-14 13:58:00-05:00,,,,,,
2022-02-14 13:59:00-05:00,,,,,,
2022-02-14 14:00:00-05:00,,,,,,
2022-02-14 14:01:00-05:00,,,,,,
2022-02-14 14:02:00-05:00,,,,,,
2022-02-14 14:03:00-05:00,,,,,,
2022-02-14 14:04:00-05:00,,,,,,
2022-02-14 14:05:00-05:00,4.202199935913086,4.202199935913086,4.206900119781494,4.202199935913086,4.206900119781494,400.0
2022-02-14 14:06:00-05:00,4.206900119781494,4.206900119781494,4.206900119781494,4.206900119781494,4.206900119781494,200.0
2022-02-14 14:07:00-05:00,4.150000095367432,4.150000095367432,4.210000038146973,4.150000095367432,4.210000038146973,700.0
2022-02-14 14:08:00-05:00,4.210000038146973,4.210000038146973,4.210000038146973,4.210000038146973,4.210000038146973,357.0
2022-02-14 14:09:00-05:00,4.25,4.25,4.25,4.25,4.25,243.0
2022-02-14 14:10:00-05:00,,,,,,
2022-02-14 14:11:00-05:00,,,,,,
2022-02-14 14:12:00-05:00,,,,,,
2022-02-14 14:13:00-05:00,,,,,,
2022-02-14 14:14:00-05:00,,,,,,
2022-02-14 14:15:00-05:00,,,,,,
2022-02-14 14:16:00-05:00,,,,,,
2022-02-14 14:17:00-05:00,,,,,,
2022-02-14 14:18:00-05:00,,,,,,
2022-02-14 14:19:00-05:00,,,,,,
2022-02-14 14:20:00-05:00,,,,,,
2022-02-14 14:21:00-05:00,4.150199890136719,4.150199890136719,4.196400165557861,4.150199890136719,4.196400165557861,1554.0
2022-02-14 14:22:00-05:00,,,,,,
2022-02-14 14:23:00-05:00,,,,,,
2022-02-14 14:24:00-05:00,,,,,,
2022-02-14 14:25:00-05:00,,,,,,
2022-02-14 14:26:00-05:00,,,,,,
2022-02-14 14:27:00-05:00,,,,,,
2022-02-14 14:28:00-05:00,,,,,,
2022-02-14 14:29:00-05:00,,,,,,
2022-02-14 14:30:00-05:00,,,,,,
2022-02-14 14:31:00-05:00,,,,,,
2022-02-14 14:32:00-05:00,,,,,,
2022-02-14 14:33:00-05:00,,,,,,
2022-02-14 14:34:00-05:00,,,,,,
2022-02-14 14:35:00-05:00,,,,,,
2022-02-14 14:36:00-05:00,,,,,,
2022-02-14 14:37:00-05:00,,,,,,
2022-02-14 14:38:00-05:00,,,,,,
2022-02-14 14:39:00-05:00,,,,,,
2022-02-14 14:40:00-05:00,,,,,,
2022-02-14 14:41:00-05:00,,,,,,
2022-02-14 14:42:00-05:00,,,,,,
2022-02-14 14:43:00-05:00,,,,,,
2022-02-14 14:44:00-05:00,,,,,,
2022-02-14 14:45:00-05:00,,,,,,
2022-02-14 14:46:00-05:00,,,,,,
2022-02-14 14:47:00-05:00,,,,,,
2022-02-14 14:48:00-05:00,,,,,,
2022-02-14 14:49:00-05:00,,,,,,
2022-02-14 14:50:00-05:00,,,,,,
2022-02-14 14:51:00-05:00,,,,,,
2022-02-14 14:52:00-05:00,,,,,,
2022-02-14 14:53:00-05:00,,,,,,
2022-02-14 14:54:00-05:00,,,,,,
2022-02-14 14:55:00-05:00,,,,,,
2022-02-14 14:56:00-05:00,,,,,,
2022-02-14 14:57:00-05:00,,,,,,
2022-02-14 14:58:00-05:00,,,,,,
2022-02-14 14:59:00-05:00,,,,,,
2022-02-14 15:00:00-05:00,,,,,,
2022-02-14 15:01:00-05:00,,,,,,
2022-02-14 15:02:00-05:00,,,,,,
2022-02-14 15:03:00-05:00,,,,,,
2022-02-14 15:04:00-05:00,,,,,,
2022-02-14 15:05:00-05:00,,,,,,
2022-02-14 15:06:00-05:00,,,,,,
2022-02-14 15:07:00-05:00,,,,,,
2022-02-14 15:08:00-05:00,,,,,,
2022-02-14 15:09:00-05:00,,,,,,
2022-02-14 15:10:00-05:00,,,,,,
2022-02-14 15:11:00-05:00,,,,,,
2022-02-14 15:12:00-05:00,,,,,,
2022-02-14 15:13:00-05:00,,,,,,
2022-02-14 15:14:00-05:00,4.2230000495910645,4.2230000495910645,4.2230000495910645,4.2230000495910645,4.2230000495910645,125.0
2022-02-14 15:15:00-05:00,,,,,,
2022-02-14 15:16:00-05:00,,,,,,
2022-02-14 15:17:00-05:00,,,,,,
2022-02-14 15:18:00-05:00,,,,,,
2022-02-14 15:19:00-05:00,,,,,,
2022-02-14 15:20:00-05:00,,,,,,
2022-02-14 15:21:00-05:00,,,,,,
2022-02-14 15:22:00-05:00,,,,,,
2022-02-14 15:23:00-05:00,,,,,,
2022-02-14 15:24:00-05:00,,,,,,
2022-02-14 15:25:00-05:00,,,,,,
2022-02-14 15:26:00-05:00,,,,,,
2022-02-14 15:27:00-05:00,,,,,,
2022-02-14 15:28:00-05:00,,,,,,
2022-02-14 15:29:00-05:00,,,,,,
2022-02-14 15:30:00-05:00,,,,,,
2022-02-14 15:31:00-05:00,,,,,,
2022-02-14 15:32:00-05:00,,,,,,
2022-02-14 15:33:00-05:00,,,,,,
2022-02-14 15:34:00-05:00,,,,,,
2022-02-14 15:35:00-05:00,,,,,,
2022-02-14 15:36:00-05:00,,,,,,
2022-02-14 15:37:00-05:00,,,,,,
2022-02-14 15:38:00-05:00,,,,,,
2022-02-14 15:39:00-05:00,4.215000152587891,4.215000152587891,4.215000152587891,4.215000152587891,4.215000152587891,100.0
2022-02-14 15:40:00-05:00,,,,,,
2022-02-14 15:41:00-05:00,,,,,,
2022-02-14 15:42:00-05:00,,,,,,
2022-02-14 15:43:00-05:00,,,,,,
2022-02-14 15:44:00-05:00,,,,,,
2022-02-14 15:45:00-05:00,,,,,,
2022-02-14 15:46:00-05:00,,,,,,
2022-02-14 15:47:00-05:00,,,,,,
2022-02-14 15:48:00-05:00,,,,,,
2022-02-14 15:49:00-05:00,,,,,,
2022-02-14 15:50:00-05:00,,,,,,
2022-02-14 15:51:00-05:00,,,,,,
2022-02-14 15:52:00-05:00,,,,,,
2022-02-14 15:53:00-05:00,,,,,,
2022-02-14 15:54:00-05:00,,,,,,
2022-02-14 15:55:00-05:00,,,,,,
2022-02-14 15:56:00-05:00,,,,,,
2022-02-14 15:57:00-05:00,,,,,,
2022-02-14 15:58:00-05:00,,,,,,
2022-02-14 15:59:00-05:00,,,,,,
2022-02-15 09:30:00-05:00,,,,,,
2022-02-15 09:58:00-05:00,,,,,,
2022-02-15 10:00:00-05:00,,,,,,
2022-02-15 10:01:00-05:00,,,,,,
2022-02-15 10:11:00-05:00,,,,,,
2022-02-15 10:18:00-05:00,,,,,,
2022-02-15 10:21:00-05:00,,,,,,
2022-02-15 10:24:00-05:00,,,,,,
2022-02-15 10:37:00-05:00,,,,,,
2022-02-15 10:44:00-05:00,,,,,,
2022-02-15 10:52:00-05:00,,,,,,
2022-02-15 10:57:00-05:00,,,,,,
2022-02-15 11:02:00-05:00,,,,,,
2022-02-15 11:12:00-05:00,,,,,,
2022-02-15 11:20:00-05:00,,,,,,
2022-02-15 11:21:00-05:00,,,,,,
2022-02-15 11:25:00-05:00,,,,,,
2022-02-15 11:33:00-05:00,,,,,,
2022-02-15 11:36:00-05:00,,,,,,
2022-02-15 11:38:00-05:00,,,,,,
2022-02-15 11:43:00-05:00,,,,,,
2022-02-15 11:46:00-05:00,,,,,,
2022-02-15 11:55:00-05:00,,,,,,
2022-02-15 11:59:00-05:00,,,,,,
2022-02-15 12:01:00-05:00,,,,,,
2022-02-15 12:02:00-05:00,,,,,,
2022-02-15 12:04:00-05:00,,,,,,
2022-02-15 12:24:00-05:00,,,,,,
2022-02-15 12:43:00-05:00,,,,,,
2022-02-15 13:02:00-05:00,,,,,,
2022-02-15 13:05:00-05:00,,,,,,
2022-02-15 13:06:00-05:00,,,,,,
2022-02-15 13:32:00-05:00,,,,,,
2022-02-15 13:38:00-05:00,,,,,,
2022-02-15 13:41:00-05:00,,,,,,
2022-02-15 13:44:00-05:00,,,,,,
2022-02-15 13:46:00-05:00,,,,,,
2022-02-15 13:47:00-05:00,,,,,,
2022-02-15 13:53:00-05:00,,,,,,
2022-02-15 13:54:00-05:00,,,,,,
2022-02-15 13:55:00-05:00,,,,,,
2022-02-15 14:01:00-05:00,,,,,,
2022-02-15 14:03:00-05:00,,,,,,
2022-02-15 14:05:00-05:00,,,,,,
2022-02-15 14:06:00-05:00,,,,,,
2022-02-15 14:12:00-05:00,,,,,,
2022-02-15 14:15:00-05:00,,,,,,
2022-02-15 14:18:00-05:00,,,,,,
2022-02-15 14:20:00-05:00,,,,,,
2022-02-15 14:23:00-05:00,,,,,,
2022-02-15 14:28:00-05:00,,,,,,
2022-02-15 14:29:00-05:00,,,,,,
2022-02-15 14:32:00-05:00,,,,,,
2022-02-15 14:33:00-05:00,,,,,,
2022-02-15 14:39:00-05:00,,,,,,
2022-02-15 14:44:00-05:00,,,,,,
2022-02-15 14:46:00-05:00,,,,,,
2022-02-15 14:47:00-05:00,,,,,,
2022-02-15 14:50:00-05:00,,,,,,
2022-02-15 14:51:00-05:00,,,,,,
2022-02-15 14:52:00-05:00,,,,,,
2022-02-15 14:54:00-05:00,,,,,,
2022-02-15 14:55:00-05:00,,,,,,
2022-02-15 14:59:00-05:00,,,,,,
2022-02-15 15:01:00-05:00,,,,,,
2022-02-15 15:03:00-05:00,,,,,,
2022-02-15 15:05:00-05:00,,,,,,
2022-02-15 15:06:00-05:00,,,,,,
2022-02-15 15:08:00-05:00,,,,,,
2022-02-15 15:09:00-05:00,,,,,,
2022-02-15 15:13:00-05:00,,,,,,
2022-02-15 15:14:00-05:00,,,,,,
2022-02-15 15:17:00-05:00,,,,,,
2022-02-15 15:18:00-05:00,,,,,,
2022-02-15 15:19:00-05:00,,,,,,
2022-02-15 15:20:00-05:00,,,,,,
2022-02-15 15:27:00-05:00,,,,,,
2022-02-15 15:28:00-05:00,,,,,,
2022-02-15 15:30:00-05:00,,,,,,
2022-02-15 15:31:00-05:00,,,,,,
2022-02-15 15:32:00-05:00,,,,,,
2022-02-15 15:33:00-05:00,,,,,,
2022-02-15 15:38:00-05:00,,,,,,
2022-02-15 15:39:00-05:00,,,,,,
2022-02-15 15:40:00-05:00,,,,,,
2022-02-15 15:41:00-05:00,,,,,,
2022-02-15 15:42:00-05:00,,,,,,
2022-02-15 15:43:00-05:00,,,,,,
2022-02-15 15:44:00-05:00,,,,,,
2022-02-15 15:45:00-05:00,,,,,,
2022-02-15 15:46:00-05:00,,,,,,
2022-02-15 15:47:00-05:00,,,,,,
2022-02-15 15:48:00-05:00,,,,,,
2022-02-15 15:49:00-05:00,,,,,,
2022-02-15 15:50:00-05:00,,,,,,
2022-02-15 15:51:00-05:00,,,,,,
2022-02-15 15:52:00-05:00,,,,,,
2022-02-15 15:53:00-05:00,,,,,,
2022-02-15 15:54:00-05:00,,,,,,
2022-02-15 15:55:00-05:00,,,,,,
2022-02-15 15:56:00-05:00,,,,,,
2022-02-15 15:57:00-05:00,,,,,,
2022-02-15 15:58:00-05:00,,,,,,
2022-02-15 15:59:00-05:00,,,,,,
