Date,Adj Close,Close,High,Low,Open,Volume
2012-02-14 00:00:00,,,,,,
2012-02-15 00:00:00,,,,,,
2012-02-16 00:00:00,,,,,,
2012-02-17 00:00:00,,,,,,
2012-02-21 00:00:00,,,,,,
2012-02-22 00:00:00,,,,,,
2012-02-23 00:00:00,,,,,,
2012-02-24 00:00:00,,,,,,
2012-02-27 00:00:00,,,,,,
2012-02-28 00:00:00,,,,,,
2012-02-29 00:00:00,,,,,,
2012-03-01 00:00:00,,,,,,
2012-03-02 00:00:00,,,,,,
2012-03-05 00:00:00,,,,,,
2012-03-06 00:00:00,,,,,,
2012-03-07 00:00:00,,,,,,
2012-03-08 00:00:00,,,,,,
2012-03-09 00:00:00,,,,,,
2012-03-12 00:00:00,,,,,,
2012-03-13 00:00:00,,,,,,
2012-03-14 00:00:00,,,,,,
2012-03-15 00:00:00,,,,,,
2012-03-16 00:00:00,,,,,,
2012-03-19 00:00:00,,,,,,
2012-03-20 00:00:00,,,,,,
2012-03-21 00:00:00,,,,,,
2012-03-22 00:00:00,,,,,,
2012-03-23 00:00:00,,,,,,
2012-03-26 00:00:00,,,,,,
2012-03-27 00:00:00,,,,,,
2012-03-28 00:00:00,,,,,,
2012-03-29 00:00:00,,,,,,
2012-03-30 00:00:00,,,,,,
2012-04-02 00:00:00,,,,,,
2012-04-03 00:00:00,,,,,,
2012-04-04 00:00:00,,,,,,
2012-04-05 00:00:00,,,,,,
2012-04-09 00:00:00,,,,,,
2012-04-10 00:00:00,,,,,,
2012-04-11 00:00:00,,,,,,
2012-04-12 00:00:00,,,,,,
2012-04-13 00:00:00,,,,,,
2012-04-16 00:00:00,,,,,,
2012-04-17 00:00:00,,,,,,
2012-04-18 00:00:00,,,,,,
2012-04-19 00:00:00,,,,,,
2012-04-20 00:00:00,,,,,,
2012-04-23 00:00:00,,,,,,
2012-04-24 00:00:00,,,,,,
2012-04-25 00:00:00,,,,,,
2012-04-26 00:00:00,,,,,,
2012-04-27 00:00:00,,,,,,
2012-04-30 00:00:00,,,,,,
2012-05-01 00:00:00,,,,,,
2012-05-02 00:00:00,,,,,,
2012-05-03 00:00:00,,,,,,
2012-05-04 00:00:00,,,,,,
2012-05-07 00:00:00,,,,,,
2012-05-08 00:00:00,,,,,,
2012-05-09 00:00:00,,,,,,
2012-05-10 00:00:00,,,,,,
2012-05-11 00:00:00,,,,,,
2012-05-14 00:00:00,,,,,,
2012-05-15 00:00:00,,,,,,
2012-05-16 00:00:00,,,,,,
2012-05-17 00:00:00,,,,,,
2012-05-18 00:00:00,,,,,,
2012-05-21 00:00:00,,,,,,
2012-05-22 00:00:00,,,,,,
2012-05-23 00:00:00,,,,,,
2012-05-24 00:00:00,,,,,,
2012-05-25 00:00:00,,,,,,
2012-05-29 00:00:00,,,,,,
2012-05-30 00:00:00,,,,,,
2012-05-31 00:00:00,,,,,,
2012-06-01 00:00:00,,,,,,
2012-06-04 00:00:00,,,,,,
2012-06-05 00:00:00,,,,,,
2012-06-06 00:00:00,,,,,,
2012-06-07 00:00:00,,,,,,
2012-06-08 00:00:00,,,,,,
2012-06-11 00:00:00,,,,,,
2012-06-12 00:00:00,,,,,,
2012-06-13 00:00:00,,,,,,
2012-06-14 00:00:00,,,,,,
2012-06-15 00:00:00,,,,,,
2012-06-18 00:00:00,,,,,,
2012-06-19 00:00:00,,,,,,
2012-06-20 00:00:00,,,,,,
2012-06-21 00:00:00,,,,,,
2012-06-22 00:00:00,,,,,,
2012-06-25 00:00:00,,,,,,
2012-06-26 00:00:00,,,,,,
2012-06-27 00:00:00,,,,,,
2012-06-28 00:00:00,,,,,,
2012-06-29 00:00:00,,,,,,
2012-07-02 00:00:00,,,,,,
2012-07-03 00:00:00,,,,,,
2012-07-05 00:00:00,,,,,,
2012-07-06 00:00:00,,,,,,
2012-07-09 00:00:00,,,,,,
2012-07-10 00:00:00,,,,,,
2012-07-11 00:00:00,,,,,,
2012-07-12 00:00:00,,,,,,
2012-07-13 00:00:00,,,,,,
2012-07-16 00:00:00,,,,,,
2012-07-17 00:00:00,,,,,,
2012-07-18 00:00:00,,,,,,
2012-07-19 00:00:00,,,,,,
2012-07-20 00:00:00,,,,,,
2012-07-23 00:00:00,,,,,,
2012-07-24 00:00:00,,,,,,
2012-07-25 00:00:00,,,,,,
2012-07-26 00:00:00,,,,,,
2012-07-27 00:00:00,,,,,,
2012-07-30 00:00:00,,,,,,
2012-07-31 00:00:00,,,,,,
2012-08-01 00:00:00,,,,,,
2012-08-02 00:00:00,,,,,,
2012-08-03 00:00:00,,,,,,
2012-08-06 00:00:00,,,,,,
2012-08-07 00:00:00,,,,,,
2012-08-08 00:00:00,,,,,,
2012-08-09 00:00:00,,,,,,
2012-08-10 00:00:00,,,,,,
2012-08-13 00:00:00,,,,,,
2012-08-14 00:00:00,,,,,,
2012-08-15 00:00:00,,,,,,
2012-08-16 00:00:00,,,,,,
2012-08-17 00:00:00,,,,,,
2012-08-20 00:00:00,,,,,,
2012-08-21 00:00:00,,,,,,
2012-08-22 00:00:00,,,,,,
2012-08-23 00:00:00,,,,,,
2012-08-24 00:00:00,,,,,,
2012-08-27 00:00:00,,,,,,
2012-08-28 00:00:00,,,,,,
2012-08-29 00:00:00,,,,,,
2012-08-30 00:00:00,,,,,,
2012-08-31 00:00:00,,,,,,
2012-09-04 00:00:00,,,,,,
2012-09-05 00:00:00,,,,,,
2012-09-06 00:00:00,,,,,,
2012-09-07 00:00:00,,,,,,
2012-09-10 00:00:00,,,,,,
2012-09-11 00:00:00,,,,,,
2012-09-12 00:00:00,,,,,,
2012-09-13 00:00:00,,,,,,
2012-09-14 00:00:00,,,,,,
2012-09-17 00:00:00,,,,,,
2012-09-18 00:00:00,,,,,,
2012-09-19 00:00:00,,,,,,
2012-09-20 00:00:00,,,,,,
2012-09-21 00:00:00,,,,,,
2012-09-24 00:00:00,,,,,,
2012-09-25 00:00:00,,,,,,
2012-09-26 00:00:00,,,,,,
2012-09-27 00:00:00,,,,,,
2012-09-28 00:00:00,,,,,,
2012-10-01 00:00:00,,,,,,
2012-10-02 00:00:00,,,,,,
2012-10-03 00:00:00,,,,,,
2012-10-04 00:00:00,,,,,,
2012-10-05 00:00:00,,,,,,
2012-10-08 00:00:00,,,,,,
2012-10-09 00:00:00,,,,,,
2012-10-10 00:00:00,,,,,,
2012-10-11 00:00:00,,,,,,
2012-10-12 00:00:00,,,,,,
2012-10-15 00:00:00,,,,,,
2012-10-16 00:00:00,,,,,,
2012-10-17 00:00:00,,,,,,
2012-10-18 00:00:00,,,,,,
2012-10-19 00:00:00,,,,,,
2012-10-22 00:00:00,,,,,,
2012-10-23 00:00:00,,,,,,
2012-10-24 00:00:00,,,,,,
2012-10-25 00:00:00,,,,,,
2012-10-26 00:00:00,,,,,,
2012-10-29 00:00:00,,,,,,
2012-10-31 00:00:00,,,,,,
2012-11-01 00:00:00,,,,,,
2012-11-02 00:00:00,,,,,,
2012-11-05 00:00:00,,,,,,
2012-11-06 00:00:00,,,,,,
2012-11-07 00:00:00,,,,,,
2012-11-08 00:00:00,,,,,,
2012-11-09 00:00:00,,,,,,
2012-11-12 00:00:00,,,,,,
2012-11-13 00:00:00,,,,,,
2012-11-14 00:00:00,,,,,,
2012-11-15 00:00:00,,,,,,
2012-11-16 00:00:00,,,,,,
2012-11-19 00:00:00,,,,,,
2012-11-20 00:00:00,,,,,,
2012-11-21 00:00:00,,,,,,
2012-11-23 00:00:00,,,,,,
2012-11-26 00:00:00,,,,,,
2012-11-27 00:00:00,,,,,,
2012-11-28 00:00:00,,,,,,
2012-11-29 00:00:00,,,,,,
2012-11-30 00:00:00,,,,,,
2012-12-03 00:00:00,,,,,,
2012-12-04 00:00:00,,,,,,
2012-12-05 00:00:00,,,,,,
2012-12-06 00:00:00,,,,,,
2012-12-07 00:00:00,,,,,,
2012-12-10 00:00:00,,,,,,
2012-12-11 00:00:00,,,,,,
2012-12-12 00:00:00,,,,,,
2012-12-13 00:00:00,,,,,,
2012-12-14 00:00:00,,,,,,
2012-12-17 00:00:00,,,,,,
2012-12-18 00:00:00,,,,,,
2012-12-19 00:00:00,,,,,,
2012-12-20 00:00:00,,,,,,
2012-12-21 00:00:00,,,,,,
2012-12-24 00:00:00,,,,,,
2012-12-26 00:00:00,,,,,,
2012-12-27 00:00:00,,,,,,
2012-12-28 00:00:00,,,,,,
2012-12-31 00:00:00,,,,,,
2013-01-02 00:00:00,,,,,,
2013-01-03 00:00:00,,,,,,
2013-01-04 00:00:00,,,,,,
2013-01-07 00:00:00,,,,,,
2013-01-08 00:00:00,,,,,,
2013-01-09 00:00:00,,,,,,
2013-01-10 00:00:00,,,,,,
2013-01-11 00:00:00,,,,,,
2013-01-14 00:00:00,,,,,,
2013-01-15 00:00:00,,,,,,
2013-01-16 00:00:00,,,,,,
2013-01-17 00:00:00,,,,,,
2013-01-18 00:00:00,,,,,,
2013-01-22 00:00:00,,,,,,
2013-01-23 00:00:00,,,,,,
2013-01-24 00:00:00,,,,,,
2013-01-25 00:00:00,,,,,,
2013-01-28 00:00:00,,,,,,
2013-01-29 00:00:00,,,,,,
2013-01-30 00:00:00,,,,,,
2013-01-31 00:00:00,,,,,,
2013-02-01 00:00:00,,,,,,
2013-02-04 00:00:00,,,,,,
2013-02-05 00:00:00,,,,,,
2013-02-06 00:00:00,,,,,,
2013-02-07 00:00:00,,,,,,
2013-02-08 00:00:00,,,,,,
2013-02-11 00:00:00,,,,,,
2013-02-12 00:00:00,,,,,,
2013-02-13 00:00:00,,,,,,
2013-02-14 00:00:00,,,,,,
2013-02-15 00:00:00,,,,,,
2013-02-19 00:00:00,,,,,,
2013-02-20 00:00:00,,,,,,
2013-02-21 00:00:00,,,,,,
2013-02-22 00:00:00,,,,,,
2013-02-25 00:00:00,,,,,,
2013-02-26 00:00:00,,,,,,
2013-02-27 00:00:00,,,,,,
2013-02-28 00:00:00,,,,,,
2013-03-01 00:00:00,,,,,,
2013-03-04 00:00:00,,,,,,
2013-03-05 00:00:00,,,,,,
2013-03-06 00:00:00,,,,,,
2013-03-07 00:00:00,,,,,,
2013-03-08 00:00:00,,,,,,
2013-03-11 00:00:00,,,,,,
2013-03-12 00:00:00,,,,,,
2013-03-13 00:00:00,,,,,,
2013-03-14 00:00:00,,,,,,
2013-03-15 00:00:00,,,,,,
2013-03-18 00:00:00,,,,,,
2013-03-19 00:00:00,,,,,,
2013-03-20 00:00:00,,,,,,
2013-03-21 00:00:00,,,,,,
2013-03-22 00:00:00,,,,,,
2013-03-25 00:00:00,,,,,,
2013-03-26 00:00:00,,,,,,
2013-03-27 00:00:00,,,,,,
2013-03-28 00:00:00,,,,,,
2013-04-01 00:00:00,,,,,,
2013-04-02 00:00:00,,,,,,
2013-04-03 00:00:00,,,,,,
2013-04-04 00:00:00,,,,,,
2013-04-05 00:00:00,,,,,,
2013-04-08 00:00:00,,,,,,
2013-04-09 00:00:00,,,,,,
2013-04-10 00:00:00,,,,,,
2013-04-11 00:00:00,,,,,,
2013-04-12 00:00:00,,,,,,
2013-04-15 00:00:00,,,,,,
2013-04-16 00:00:00,,,,,,
2013-04-17 00:00:00,,,,,,
2013-04-18 00:00:00,,,,,,
2013-04-19 00:00:00,,,,,,
2013-04-22 00:00:00,,,,,,
2013-04-23 00:00:00,,,,,,
2013-04-24 00:00:00,,,,,,
2013-04-25 00:00:00,,,,,,
2013-04-26 00:00:00,,,,,,
2013-04-29 00:00:00,,,,,,
2013-04-30 00:00:00,,,,,,
2013-05-01 00:00:00,,,,,,
2013-05-02 00:00:00,,,,,,
2013-05-03 00:00:00,,,,,,
2013-05-06 00:00:00,,,,,,
2013-05-07 00:00:00,,,,,,
2013-05-08 00:00:00,,,,,,
2013-05-09 00:00:00,,,,,,
2013-05-10 00:00:00,,,,,,
2013-05-13 00:00:00,,,,,,
2013-05-14 00:00:00,,,,,,
2013-05-15 00:00:00,,,,,,
2013-05-16 00:00:00,,,,,,
2013-05-17 00:00:00,,,,,,
2013-05-20 00:00:00,,,,,,
2013-05-21 00:00:00,,,,,,
2013-05-22 00:00:00,,,,,,
2013-05-23 00:00:00,,,,,,
2013-05-24 00:00:00,,,,,,
2013-05-28 00:00:00,,,,,,
2013-05-29 00:00:00,,,,,,
2013-05-30 00:00:00,,,,,,
2013-05-31 00:00:00,,,,,,
2013-06-03 00:00:00,,,,,,
2013-06-04 00:00:00,,,,,,
2013-06-05 00:00:00,,,,,,
2013-06-06 00:00:00,,,,,,
2013-06-07 00:00:00,,,,,,
2013-06-10 00:00:00,,,,,,
2013-06-11 00:00:00,,,,,,
2013-06-12 00:00:00,,,,,,
2013-06-13 00:00:00,,,,,,
2013-06-14 00:00:00,,,,,,
2013-06-17 00:00:00,,,,,,
2013-06-18 00:00:00,,,,,,
2013-06-19 00:00:00,,,,,,
2013-06-20 00:00:00,,,,,,
2013-06-21 00:00:00,,,,,,
2013-06-24 00:00:00,,,,,,
2013-06-25 00:00:00,,,,,,
2013-06-26 00:00:00,,,,,,
2013-06-27 00:00:00,,,,,,
2013-06-28 00:00:00,,,,,,
2013-07-01 00:00:00,,,,,,
2013-07-02 00:00:00,,,,,,
2013-07-03 00:00:00,,,,,,
2013-07-05 00:00:00,,,,,,
2013-07-08 00:00:00,,,,,,
2013-07-09 00:00:00,,,,,,
2013-07-10 00:00:00,,,,,,
2013-07-11 00:00:00,,,,,,
2013-07-12 00:00:00,,,,,,
2013-07-15 00:00:00,,,,,,
2013-07-16 00:00:00,,,,,,
2013-07-17 00:00:00,,,,,,
2013-07-18 00:00:00,,,,,,
2013-07-19 00:00:00,,,,,,
2013-07-22 00:00:00,,,,,,
2013-07-23 00:00:00,,,,,,
2013-07-24 00:00:00,,,,,,
2013-07-25 00:00:00,,,,,,
2013-07-26 00:00:00,,,,,,
2013-07-29 00:00:00,,,,,,
2013-07-30 00:00:00,,,,,,
2013-07-31 00:00:00,,,,,,
2013-08-01 00:00:00,,,,,,
2013-08-02 00:00:00,,,,,,
2013-08-05 00:00:00,,,,,,
2013-08-06 00:00:00,,,,,,
2013-08-07 00:00:00,,,,,,
2013-08-08 00:00:00,,,,,,
2013-08-09 00:00:00,,,,,,
2013-08-12 00:00:00,,,,,,
2013-08-13 00:00:00,,,,,,
2013-08-14 00:00:00,,,,,,
2013-08-15 00:00:00,,,,,,
2013-08-16 00:00:00,,,,,,
2013-08-19 00:00:00,,,,,,
2013-08-20 00:00:00,,,,,,
2013-08-21 00:00:00,,,,,,
2013-08-22 00:00:00,,,,,,
2013-08-23 00:00:00,,,,,,
2013-08-26 00:00:00,,,,,,
2013-08-27 00:00:00,,,,,,
2013-08-28 00:00:00,,,,,,
2013-08-29 00:00:00,,,,,,
2013-08-30 00:00:00,,,,,,
2013-09-03 00:00:00,,,,,,
2013-09-04 00:00:00,,,,,,
2013-09-05 00:00:00,,,,,,
2013-09-06 00:00:00,,,,,,
2013-09-09 00:00:00,,,,,,
2013-09-10 00:00:00,,,,,,
2013-09-11 00:00:00,,,,,,
2013-09-12 00:00:00,,,,,,
2013-09-13 00:00:00,,,,,,
2013-09-16 00:00:00,,,,,,
2013-09-17 00:00:00,,,,,,
2013-09-18 00:00:00,,,,,,
2013-09-19 00:00:00,,,,,,
2013-09-20 00:00:00,,,,,,
2013-09-23 00:00:00,,,,,,
2013-09-24 00:00:00,,,,,,
2013-09-25 00:00:00,,,,,,
2013-09-26 00:00:00,,,,,,
2013-09-27 00:00:00,,,,,,
2013-09-30 00:00:00,,,,,,
2013-10-01 00:00:00,,,,,,
2013-10-02 00:00:00,,,,,,
2013-10-03 00:00:00,,,,,,
2013-10-04 00:00:00,,,,,,
2013-10-07 00:00:00,,,,,,
2013-10-08 00:00:00,,,,,,
2013-10-09 00:00:00,,,,,,
2013-10-10 00:00:00,,,,,,
2013-10-11 00:00:00,,,,,,
2013-10-14 00:00:00,,,,,,
2013-10-15 00:00:00,,,,,,
2013-10-16 00:00:00,,,,,,
2013-10-17 00:00:00,,,,,,
2013-10-18 00:00:00,,,,,,
2013-10-21 00:00:00,,,,,,
2013-10-22 00:00:00,,,,,,
2013-10-23 00:00:00,,,,,,
2013-10-24 00:00:00,,,,,,
2013-10-25 00:00:00,,,,,,
2013-10-28 00:00:00,,,,,,
2013-10-29 00:00:00,,,,,,
2013-10-30 00:00:00,,,,,,
2013-10-31 00:00:00,,,,,,
2013-11-01 00:00:00,,,,,,
2013-11-04 00:00:00,,,,,,
2013-11-05 00:00:00,,,,,,
2013-11-06 00:00:00,,,,,,
2013-11-07 00:00:00,,,,,,
2013-11-08 00:00:00,,,,,,
2013-11-11 00:00:00,,,,,,
2013-11-12 00:00:00,,,,,,
2013-11-13 00:00:00,,,,,,
2013-11-14 00:00:00,,,,,,
2013-11-15 00:00:00,,,,,,
2013-11-18 00:00:00,,,,,,
2013-11-19 00:00:00,,,,,,
2013-11-20 00:00:00,,,,,,
2013-11-21 00:00:00,,,,,,
2013-11-22 00:00:00,,,,,,
2013-11-25 00:00:00,,,,,,
2013-11-26 00:00:00,,,,,,
2013-11-27 00:00:00,,,,,,
2013-11-29 00:00:00,,,,,,
2013-12-02 00:00:00,,,,,,
2013-12-03 00:00:00,,,,,,
2013-12-04 00:00:00,,,,,,
2013-12-05 00:00:00,,,,,,
2013-12-06 00:00:00,,,,,,
2013-12-09 00:00:00,,,,,,
2013-12-10 00:00:00,,,,,,
2013-12-11 00:00:00,,,,,,
2013-12-12 00:00:00,,,,,,
2013-12-13 00:00:00,,,,,,
2013-12-16 00:00:00,,,,,,
2013-12-17 00:00:00,,,,,,
2013-12-18 00:00:00,,,,,,
2013-12-19 00:00:00,,,,,,
2013-12-20 00:00:00,,,,,,
2013-12-23 00:00:00,,,,,,
2013-12-24 00:00:00,,,,,,
2013-12-26 00:00:00,,,,,,
2013-12-27 00:00:00,,,,,,
2013-12-30 00:00:00,,,,,,
2013-12-31 00:00:00,,,,,,
2014-01-02 00:00:00,,,,,,
2014-01-03 00:00:00,,,,,,
2014-01-06 00:00:00,,,,,,
2014-01-07 00:00:00,,,,,,
2014-01-08 00:00:00,,,,,,
2014-01-09 00:00:00,,,,,,
2014-01-10 00:00:00,,,,,,
2014-01-13 00:00:00,,,,,,
2014-01-14 00:00:00,,,,,,
2014-01-15 00:00:00,,,,,,
2014-01-16 00:00:00,,,,,,
2014-01-17 00:00:00,,,,,,
2014-01-21 00:00:00,,,,,,
2014-01-22 00:00:00,,,,,,
2014-01-23 00:00:00,,,,,,
2014-01-24 00:00:00,,,,,,
2014-01-27 00:00:00,,,,,,
2014-01-28 00:00:00,,,,,,
2014-01-29 00:00:00,,,,,,
2014-01-30 00:00:00,,,,,,
2014-01-31 00:00:00,,,,,,
2014-02-03 00:00:00,,,,,,
2014-02-04 00:00:00,,,,,,
2014-02-05 00:00:00,,,,,,
2014-02-06 00:00:00,,,,,,
2014-02-07 00:00:00,,,,,,
2014-02-10 00:00:00,,,,,,
2014-02-11 00:00:00,,,,,,
2014-02-12 00:00:00,,,,,,
2014-02-13 00:00:00,,,,,,
2014-02-14 00:00:00,,,,,,
2014-02-18 00:00:00,,,,,,
2014-02-19 00:00:00,,,,,,
2014-02-20 00:00:00,,,,,,
2014-02-21 00:00:00,,,,,,
2014-02-24 00:00:00,,,,,,
2014-02-25 00:00:00,,,,,,
2014-02-26 00:00:00,,,,,,
2014-02-27 00:00:00,,,,,,
2014-02-28 00:00:00,,,,,,
2014-03-03 00:00:00,,,,,,
2014-03-04 00:00:00,,,,,,
2014-03-05 00:00:00,,,,,,
2014-03-06 00:00:00,,,,,,
2014-03-07 00:00:00,,,,,,
2014-03-10 00:00:00,,,,,,
2014-03-11 00:00:00,,,,,,
2014-03-12 00:00:00,,,,,,
2014-03-13 00:00:00,,,,,,
2014-03-14 00:00:00,,,,,,
2014-03-17 00:00:00,,,,,,
2014-03-18 00:00:00,,,,,,
2014-03-19 00:00:00,,,,,,
2014-03-20 00:00:00,,,,,,
2014-03-21 00:00:00,,,,,,
2014-03-24 00:00:00,,,,,,
2014-03-25 00:00:00,,,,,,
2014-03-26 00:00:00,,,,,,
2014-03-27 00:00:00,,,,,,
2014-03-28 00:00:00,,,,,,
2014-03-31 00:00:00,,,,,,
2014-04-01 00:00:00,,,,,,
2014-04-02 00:00:00,,,,,,
2014-04-03 00:00:00,,,,,,
2014-04-04 00:00:00,,,,,,
2014-04-07 00:00:00,,,,,,
2014-04-08 00:00:00,,,,,,
2014-04-09 00:00:00,,,,,,
2014-04-10 00:00:00,,,,,,
2014-04-11 00:00:00,,,,,,
2014-04-14 00:00:00,,,,,,
2014-04-15 00:00:00,,,,,,
2014-04-16 00:00:00,,,,,,
2014-04-17 00:00:00,,,,,,
2014-04-21 00:00:00,,,,,,
2014-04-22 00:00:00,,,,,,
2014-04-23 00:00:00,,,,,,
2014-04-24 00:00:00,,,,,,
2014-04-25 00:00:00,,,,,,
2014-04-28 00:00:00,,,,,,
2014-04-29 00:00:00,,,,,,
2014-04-30 00:00:00,,,,,,
2014-05-01 00:00:00,,,,,,
2014-05-02 00:00:00,,,,,,
2014-05-05 00:00:00,,,,,,
2014-05-06 00:00:00,,,,,,
2014-05-07 00:00:00,,,,,,
2014-05-08 00:00:00,,,,,,
2014-05-09 00:00:00,,,,,,
2014-05-12 00:00:00,,,,,,
2014-05-13 00:00:00,,,,,,
2014-05-14 00:00:00,,,,,,
2014-05-15 00:00:00,,,,,,
2014-05-16 00:00:00,,,,,,
2014-05-19 00:00:00,,,,,,
2014-05-20 00:00:00,,,,,,
2014-05-21 00:00:00,,,,,,
2014-05-22 00:00:00,,,,,,
2014-05-23 00:00:00,,,,,,
2014-05-27 00:00:00,,,,,,
2014-05-28 00:00:00,,,,,,
2014-05-29 00:00:00,,,,,,
2014-05-30 00:00:00,,,,,,
2014-06-02 00:00:00,,,,,,
2014-06-03 00:00:00,,,,,,
2014-06-04 00:00:00,,,,,,
2014-06-05 00:00:00,,,,,,
2014-06-06 00:00:00,,,,,,
2014-06-09 00:00:00,,,,,,
2014-06-10 00:00:00,,,,,,
2014-06-11 00:00:00,,,,,,
2014-06-12 00:00:00,,,,,,
2014-06-13 00:00:00,,,,,,
2014-06-16 00:00:00,,,,,,
2014-06-17 00:00:00,,,,,,
2014-06-18 00:00:00,,,,,,
2014-06-19 00:00:00,,,,,,
2014-06-20 00:00:00,,,,,,
2014-06-23 00:00:00,,,,,,
2014-06-24 00:00:00,,,,,,
2014-06-25 00:00:00,,,,,,
2014-06-26 00:00:00,,,,,,
2014-06-27 00:00:00,,,,,,
2014-06-30 00:00:00,,,,,,
2014-07-01 00:00:00,,,,,,
2014-07-02 00:00:00,,,,,,
2014-07-03 00:00:00,,,,,,
2014-07-07 00:00:00,,,,,,
2014-07-08 00:00:00,,,,,,
2014-07-09 00:00:00,,,,,,
2014-07-10 00:00:00,,,,,,
2014-07-11 00:00:00,,,,,,
2014-07-14 00:00:00,,,,,,
2014-07-15 00:00:00,,,,,,
2014-07-16 00:00:00,,,,,,
2014-07-17 00:00:00,,,,,,
2014-07-18 00:00:00,,,,,,
2014-07-21 00:00:00,,,,,,
2014-07-22 00:00:00,,,,,,
2014-07-23 00:00:00,,,,,,
2014-07-24 00:00:00,,,,,,
2014-07-25 00:00:00,,,,,,
2014-07-28 00:00:00,,,,,,
2014-07-29 00:00:00,,,,,,
2014-07-30 00:00:00,,,,,,
2014-07-31 00:00:00,,,,,,
2014-08-01 00:00:00,,,,,,
2014-08-04 00:00:00,,,,,,
2014-08-05 00:00:00,,,,,,
2014-08-06 00:00:00,,,,,,
2014-08-07 00:00:00,,,,,,
2014-08-08 00:00:00,,,,,,
2014-08-11 00:00:00,,,,,,
2014-08-12 00:00:00,,,,,,
2014-08-13 00:00:00,,,,,,
2014-08-14 00:00:00,,,,,,
2014-08-15 00:00:00,,,,,,
2014-08-18 00:00:00,,,,,,
2014-08-19 00:00:00,,,,,,
2014-08-20 00:00:00,,,,,,
2014-08-21 00:00:00,,,,,,
2014-08-22 00:00:00,,,,,,
2014-08-25 00:00:00,,,,,,
2014-08-26 00:00:00,,,,,,
2014-08-27 00:00:00,,,,,,
2014-08-28 00:00:00,,,,,,
2014-08-29 00:00:00,,,,,,
2014-09-02 00:00:00,,,,,,
2014-09-03 00:00:00,,,,,,
2014-09-04 00:00:00,,,,,,
2014-09-05 00:00:00,,,,,,
2014-09-08 00:00:00,,,,,,
2014-09-09 00:00:00,,,,,,
2014-09-10 00:00:00,,,,,,
2014-09-11 00:00:00,,,,,,
2014-09-12 00:00:00,,,,,,
2014-09-15 00:00:00,,,,,,
2014-09-16 00:00:00,,,,,,
2014-09-17 00:00:00,,,,,,
2014-09-18 00:00:00,,,,,,
2014-09-19 00:00:00,,,,,,
2014-09-22 00:00:00,,,,,,
2014-09-23 00:00:00,,,,,,
2014-09-24 00:00:00,,,,,,
2014-09-25 00:00:00,,,,,,
2014-09-26 00:00:00,,,,,,
2014-09-29 00:00:00,,,,,,
2014-09-30 00:00:00,,,,,,
2014-10-01 00:00:00,,,,,,
2014-10-02 00:00:00,,,,,,
2014-10-03 00:00:00,,,,,,
2014-10-06 00:00:00,,,,,,
2014-10-07 00:00:00,,,,,,
2014-10-08 00:00:00,,,,,,
2014-10-09 00:00:00,,,,,,
2014-10-10 00:00:00,,,,,,
2014-10-13 00:00:00,,,,,,
2014-10-14 00:00:00,,,,,,
2014-10-15 00:00:00,,,,,,
2014-10-16 00:00:00,,,,,,
2014-10-17 00:00:00,,,,,,
2014-10-20 00:00:00,,,,,,
2014-10-21 00:00:00,,,,,,
2014-10-22 00:00:00,,,,,,
2014-10-23 00:00:00,,,,,,
2014-10-24 00:00:00,,,,,,
2014-10-27 00:00:00,,,,,,
2014-10-28 00:00:00,,,,,,
2014-10-29 00:00:00,,,,,,
2014-10-30 00:00:00,,,,,,
2014-10-31 00:00:00,,,,,,
2014-11-03 00:00:00,,,,,,
2014-11-04 00:00:00,,,,,,
2014-11-05 00:00:00,,,,,,
2014-11-06 00:00:00,,,,,,
2014-11-07 00:00:00,,,,,,
2014-11-10 00:00:00,,,,,,
2014-11-11 00:00:00,,,,,,
2014-11-12 00:00:00,,,,,,
2014-11-13 00:00:00,,,,,,
2014-11-14 00:00:00,,,,,,
2014-11-17 00:00:00,,,,,,
2014-11-18 00:00:00,,,,,,
2014-11-19 00:00:00,,,,,,
2014-11-20 00:00:00,,,,,,
2014-11-21 00:00:00,,,,,,
2014-11-24 00:00:00,,,,,,
2014-11-25 00:00:00,,,,,,
2014-11-26 00:00:00,,,,,,
2014-11-28 00:00:00,,,,,,
2014-12-01 00:00:00,,,,,,
2014-12-02 00:00:00,,,,,,
2014-12-03 00:00:00,,,,,,
2014-12-04 00:00:00,,,,,,
2014-12-05 00:00:00,,,,,,
2014-12-08 00:00:00,,,,,,
2014-12-09 00:00:00,,,,,,
2014-12-10 00:00:00,,,,,,
2014-12-11 00:00:00,,,,,,
2014-12-12 00:00:00,,,,,,
2014-12-15 00:00:00,,,,,,
2014-12-16 00:00:00,,,,,,
2014-12-17 00:00:00,,,,,,
2014-12-18 00:00:00,,,,,,
2014-12-19 00:00:00,,,,,,
2014-12-22 00:00:00,,,,,,
2014-12-23 00:00:00,,,,,,
2014-12-24 00:00:00,,,,,,
2014-12-26 00:00:00,,,,,,
2014-12-29 00:00:00,,,,,,
2014-12-30 00:00:00,,,,,,
2014-12-31 00:00:00,,,,,,
2015-01-02 00:00:00,,,,,,
2015-01-05 00:00:00,,,,,,
2015-01-06 00:00:00,,,,,,
2015-01-07 00:00:00,,,,,,
2015-01-08 00:00:00,,,,,,
2015-01-09 00:00:00,,,,,,
2015-01-12 00:00:00,,,,,,
2015-01-13 00:00:00,,,,,,
2015-01-14 00:00:00,,,,,,
2015-01-15 00:00:00,,,,,,
2015-01-16 00:00:00,,,,,,
2015-01-20 00:00:00,,,,,,
2015-01-21 00:00:00,,,,,,
2015-01-22 00:00:00,,,,,,
2015-01-23 00:00:00,,,,,,
2015-01-26 00:00:00,,,,,,
2015-01-27 00:00:00,,,,,,
2015-01-28 00:00:00,,,,,,
2015-01-29 00:00:00,,,,,,
2015-01-30 00:00:00,,,,,,
2015-02-02 00:00:00,,,,,,
2015-02-03 00:00:00,,,,,,
2015-02-04 00:00:00,,,,,,
2015-02-05 00:00:00,,,,,,
2015-02-06 00:00:00,,,,,,
2015-02-09 00:00:00,,,,,,
2015-02-10 00:00:00,,,,,,
2015-02-11 00:00:00,,,,,,
2015-02-12 00:00:00,,,,,,
2015-02-13 00:00:00,,,,,,
2015-02-17 00:00:00,,,,,,
2015-02-18 00:00:00,,,,,,
2015-02-19 00:00:00,,,,,,
2015-02-20 00:00:00,,,,,,
2015-02-23 00:00:00,,,,,,
2015-02-24 00:00:00,,,,,,
2015-02-25 00:00:00,,,,,,
2015-02-26 00:00:00,,,,,,
2015-02-27 00:00:00,,,,,,
2015-03-02 00:00:00,,,,,,
2015-03-03 00:00:00,,,,,,
2015-03-04 00:00:00,,,,,,
2015-03-05 00:00:00,,,,,,
2015-03-06 00:00:00,,,,,,
2015-03-09 00:00:00,,,,,,
2015-03-10 00:00:00,,,,,,
2015-03-11 00:00:00,,,,,,
2015-03-12 00:00:00,,,,,,
2015-03-13 00:00:00,,,,,,
2015-03-16 00:00:00,,,,,,
2015-03-17 00:00:00,,,,,,
2015-03-18 00:00:00,,,,,,
2015-03-19 00:00:00,,,,,,
2015-03-20 00:00:00,,,,,,
2015-03-23 00:00:00,,,,,,
2015-03-24 00:00:00,,,,,,
2015-03-25 00:00:00,,,,,,
2015-03-26 00:00:00,,,,,,
2015-03-27 00:00:00,,,,,,
2015-03-30 00:00:00,,,,,,
2015-03-31 00:00:00,,,,,,
2015-04-01 00:00:00,,,,,,
2015-04-02 00:00:00,,,,,,
2015-04-06 00:00:00,,,,,,
2015-04-07 00:00:00,,,,,,
2015-04-08 00:00:00,,,,,,
2015-04-09 00:00:00,,,,,,
2015-04-10 00:00:00,,,,,,
2015-04-13 00:00:00,,,,,,
2015-04-14 00:00:00,,,,,,
2015-04-15 00:00:00,,,,,,
2015-04-16 00:00:00,,,,,,
2015-04-17 00:00:00,,,,,,
2015-04-20 00:00:00,,,,,,
2015-04-21 00:00:00,,,,,,
2015-04-22 00:00:00,,,,,,
2015-04-23 00:00:00,,,,,,
2015-04-24 00:00:00,,,,,,
2015-04-27 00:00:00,,,,,,
2015-04-28 00:00:00,,,,,,
2015-04-29 00:00:00,,,,,,
2015-04-30 00:00:00,,,,,,
2015-05-01 00:00:00,,,,,,
2015-05-04 00:00:00,,,,,,
2015-05-05 00:00:00,,,,,,
2015-05-06 00:00:00,,,,,,
2015-05-07 00:00:00,,,,,,
2015-05-08 00:00:00,,,,,,
2015-05-11 00:00:00,,,,,,
2015-05-12 00:00:00,,,,,,
2015-05-13 00:00:00,,,,,,
2015-05-14 00:00:00,,,,,,
2015-05-15 00:00:00,,,,,,
2015-05-18 00:00:00,,,,,,
2015-05-19 00:00:00,,,,,,
2015-05-20 00:00:00,,,,,,
2015-05-21 00:00:00,,,,,,
2015-05-22 00:00:00,,,,,,
2015-05-26 00:00:00,,,,,,
2015-05-27 00:00:00,,,,,,
2015-05-28 00:00:00,,,,,,
2015-05-29 00:00:00,,,,,,
2015-06-01 00:00:00,,,,,,
2015-06-02 00:00:00,,,,,,
2015-06-03 00:00:00,,,,,,
2015-06-04 00:00:00,,,,,,
2015-06-05 00:00:00,,,,,,
2015-06-08 00:00:00,,,,,,
2015-06-09 00:00:00,,,,,,
2015-06-10 00:00:00,,,,,,
2015-06-11 00:00:00,,,,,,
2015-06-12 00:00:00,,,,,,
2015-06-15 00:00:00,,,,,,
2015-06-16 00:00:00,,,,,,
2015-06-17 00:00:00,,,,,,
2015-06-18 00:00:00,,,,,,
2015-06-19 00:00:00,,,,,,
2015-06-22 00:00:00,,,,,,
2015-06-23 00:00:00,,,,,,
2015-06-24 00:00:00,,,,,,
2015-06-25 00:00:00,,,,,,
2015-06-26 00:00:00,,,,,,
2015-06-29 00:00:00,,,,,,
2015-06-30 00:00:00,,,,,,
2015-07-01 00:00:00,,,,,,
2015-07-02 00:00:00,,,,,,
2015-07-06 00:00:00,,,,,,
2015-07-07 00:00:00,,,,,,
2015-07-08 00:00:00,,,,,,
2015-07-09 00:00:00,,,,,,
2015-07-10 00:00:00,,,,,,
2015-07-13 00:00:00,,,,,,
2015-07-14 00:00:00,,,,,,
2015-07-15 00:00:00,,,,,,
2015-07-16 00:00:00,,,,,,
2015-07-17 00:00:00,,,,,,
2015-07-20 00:00:00,,,,,,
2015-07-21 00:00:00,,,,,,
2015-07-22 00:00:00,,,,,,
2015-07-23 00:00:00,,,,,,
2015-07-24 00:00:00,,,,,,
2015-07-27 00:00:00,,,,,,
2015-07-28 00:00:00,,,,,,
2015-07-29 00:00:00,,,,,,
2015-07-30 00:00:00,,,,,,
2015-07-31 00:00:00,,,,,,
2015-08-03 00:00:00,,,,,,
2015-08-04 00:00:00,,,,,,
2015-08-05 00:00:00,,,,,,
2015-08-06 00:00:00,,,,,,
2015-08-07 00:00:00,,,,,,
2015-08-10 00:00:00,,,,,,
2015-08-11 00:00:00,,,,,,
2015-08-12 00:00:00,,,,,,
2015-08-13 00:00:00,,,,,,
2015-08-14 00:00:00,,,,,,
2015-08-17 00:00:00,,,,,,
2015-08-18 00:00:00,,,,,,
2015-08-19 00:00:00,,,,,,
2015-08-20 00:00:00,,,,,,
2015-08-21 00:00:00,,,,,,
2015-08-24 00:00:00,,,,,,
2015-08-25 00:00:00,,,,,,
2015-08-26 00:00:00,,,,,,
2015-08-27 00:00:00,,,,,,
2015-08-28 00:00:00,,,,,,
2015-08-31 00:00:00,,,,,,
2015-09-01 00:00:00,,,,,,
2015-09-02 00:00:00,,,,,,
2015-09-03 00:00:00,,,,,,
2015-09-04 00:00:00,,,,,,
2015-09-08 00:00:00,,,,,,
2015-09-09 00:00:00,,,,,,
2015-09-10 00:00:00,,,,,,
2015-09-11 00:00:00,,,,,,
2015-09-14 00:00:00,,,,,,
2015-09-15 00:00:00,,,,,,
2015-09-16 00:00:00,,,,,,
2015-09-17 00:00:00,,,,,,
2015-09-18 00:00:00,,,,,,
2015-09-21 00:00:00,,,,,,
2015-09-22 00:00:00,,,,,,
2015-09-23 00:00:00,,,,,,
2015-09-24 00:00:00,,,,,,
2015-09-25 00:00:00,,,,,,
2015-09-28 00:00:00,,,,,,
2015-09-29 00:00:00,,,,,,
2015-09-30 00:00:00,,,,,,
2015-10-01 00:00:00,,,,,,
2015-10-02 00:00:00,,,,,,
2015-10-05 00:00:00,,,,,,
2015-10-06 00:00:00,,,,,,
2015-10-07 00:00:00,,,,,,
2015-10-08 00:00:00,,,,,,
2015-10-09 00:00:00,,,,,,
2015-10-12 00:00:00,,,,,,
2015-10-13 00:00:00,,,,,,
2015-10-14 00:00:00,,,,,,
2015-10-15 00:00:00,,,,,,
2015-10-16 00:00:00,,,,,,
2015-10-19 00:00:00,,,,,,
2015-10-20 00:00:00,,,,,,
2015-10-21 00:00:00,,,,,,
2015-10-22 00:00:00,,,,,,
2015-10-23 00:00:00,,,,,,
2015-10-26 00:00:00,,,,,,
2015-10-27 00:00:00,,,,,,
2015-10-28 00:00:00,,,,,,
2015-10-29 00:00:00,,,,,,
2015-10-30 00:00:00,,,,,,
2015-11-02 00:00:00,,,,,,
2015-11-03 00:00:00,,,,,,
2015-11-04 00:00:00,,,,,,
2015-11-05 00:00:00,,,,,,
2015-11-06 00:00:00,,,,,,
2015-11-09 00:00:00,,,,,,
2015-11-10 00:00:00,,,,,,
2015-11-11 00:00:00,,,,,,
2015-11-12 00:00:00,,,,,,
2015-11-13 00:00:00,,,,,,
2015-11-16 00:00:00,,,,,,
2015-11-17 00:00:00,,,,,,
2015-11-18 00:00:00,,,,,,
2015-11-19 00:00:00,,,,,,
2015-11-20 00:00:00,,,,,,
2015-11-23 00:00:00,,,,,,
2015-11-24 00:00:00,,,,,,
2015-11-25 00:00:00,,,,,,
2015-11-27 00:00:00,,,,,,
2015-11-30 00:00:00,,,,,,
2015-12-01 00:00:00,,,,,,
2015-12-02 00:00:00,,,,,,
2015-12-03 00:00:00,,,,,,
2015-12-04 00:00:00,,,,,,
2015-12-07 00:00:00,,,,,,
2015-12-08 00:00:00,,,,,,
2015-12-09 00:00:00,,,,,,
2015-12-10 00:00:00,,,,,,
2015-12-11 00:00:00,,,,,,
2015-12-14 00:00:00,,,,,,
2015-12-15 00:00:00,,,,,,
2015-12-16 00:00:00,,,,,,
2015-12-17 00:00:00,,,,,,
2015-12-18 00:00:00,,,,,,
2015-12-21 00:00:00,,,,,,
2015-12-22 00:00:00,,,,,,
2015-12-23 00:00:00,,,,,,
2015-12-24 00:00:00,,,,,,
2015-12-28 00:00:00,,,,,,
2015-12-29 00:00:00,,,,,,
2015-12-30 00:00:00,,,,,,
2015-12-31 00:00:00,,,,,,
2016-01-04 00:00:00,,,,,,
2016-01-05 00:00:00,,,,,,
2016-01-06 00:00:00,,,,,,
2016-01-07 00:00:00,,,,,,
2016-01-08 00:00:00,,,,,,
2016-01-11 00:00:00,,,,,,
2016-01-12 00:00:00,,,,,,
2016-01-13 00:00:00,,,,,,
2016-01-14 00:00:00,,,,,,
2016-01-15 00:00:00,,,,,,
2016-01-19 00:00:00,,,,,,
2016-01-20 00:00:00,,,,,,
2016-01-21 00:00:00,,,,,,
2016-01-22 00:00:00,,,,,,
2016-01-25 00:00:00,,,,,,
2016-01-26 00:00:00,,,,,,
2016-01-27 00:00:00,,,,,,
2016-01-28 00:00:00,,,,,,
2016-01-29 00:00:00,,,,,,
2016-02-01 00:00:00,,,,,,
2016-02-02 00:00:00,,,,,,
2016-02-03 00:00:00,,,,,,
2016-02-04 00:00:00,,,,,,
2016-02-05 00:00:00,,,,,,
2016-02-08 00:00:00,,,,,,
2016-02-09 00:00:00,,,,,,
2016-02-10 00:00:00,,,,,,
2016-02-11 00:00:00,,,,,,
2016-02-12 00:00:00,,,,,,
2016-02-16 00:00:00,,,,,,
2016-02-17 00:00:00,,,,,,
2016-02-18 00:00:00,,,,,,
2016-02-19 00:00:00,,,,,,
2016-02-22 00:00:00,,,,,,
2016-02-23 00:00:00,,,,,,
2016-02-24 00:00:00,,,,,,
2016-02-25 00:00:00,,,,,,
2016-02-26 00:00:00,,,,,,
2016-02-29 00:00:00,,,,,,
2016-03-01 00:00:00,,,,,,
2016-03-02 00:00:00,,,,,,
2016-03-03 00:00:00,,,,,,
2016-03-04 00:00:00,,,,,,
2016-03-07 00:00:00,,,,,,
2016-03-08 00:00:00,,,,,,
2016-03-09 00:00:00,,,,,,
2016-03-10 00:00:00,,,,,,
2016-03-11 00:00:00,,,,,,
2016-03-14 00:00:00,,,,,,
2016-03-15 00:00:00,,,,,,
2016-03-16 00:00:00,,,,,,
2016-03-17 00:00:00,,,,,,
2016-03-18 00:00:00,,,,,,
2016-03-21 00:00:00,,,,,,
2016-03-22 00:00:00,,,,,,
2016-03-23 00:00:00,,,,,,
2016-03-24 00:00:00,,,,,,
2016-03-28 00:00:00,,,,,,
2016-03-29 00:00:00,,,,,,
2016-03-30 00:00:00,,,,,,
2016-03-31 00:00:00,,,,,,
2016-04-01 00:00:00,,,,,,
2016-04-04 00:00:00,,,,,,
2016-04-05 00:00:00,,,,,,
2016-04-06 00:00:00,,,,,,
2016-04-07 00:00:00,,,,,,
2016-04-08 00:00:00,,,,,,
2016-04-11 00:00:00,,,,,,
2016-04-12 00:00:00,,,,,,
2016-04-13 00:00:00,,,,,,
2016-04-14 00:00:00,,,,,,
2016-04-15 00:00:00,,,,,,
2016-04-18 00:00:00,,,,,,
2016-04-19 00:00:00,,,,,,
2016-04-20 00:00:00,,,,,,
2016-04-21 00:00:00,,,,,,
2016-04-22 00:00:00,,,,,,
2016-04-25 00:00:00,,,,,,
2016-04-26 00:00:00,,,,,,
2016-04-27 00:00:00,,,,,,
2016-04-28 00:00:00,,,,,,
2016-04-29 00:00:00,,,,,,
2016-05-02 00:00:00,,,,,,
2016-05-03 00:00:00,,,,,,
2016-05-04 00:00:00,,,,,,
2016-05-05 00:00:00,,,,,,
2016-05-06 00:00:00,,,,,,
2016-05-09 00:00:00,,,,,,
2016-05-10 00:00:00,,,,,,
2016-05-11 00:00:00,,,,,,
2016-05-12 00:00:00,,,,,,
2016-05-13 00:00:00,,,,,,
2016-05-16 00:00:00,,,,,,
2016-05-17 00:00:00,,,,,,
2016-05-18 00:00:00,,,,,,
2016-05-19 00:00:00,,,,,,
2016-05-20 00:00:00,,,,,,
2016-05-23 00:00:00,,,,,,
2016-05-24 00:00:00,,,,,,
2016-05-25 00:00:00,,,,,,
2016-05-26 00:00:00,,,,,,
2016-05-27 00:00:00,,,,,,
2016-05-31 00:00:00,,,,,,
2016-06-01 00:00:00,,,,,,
2016-06-02 00:00:00,,,,,,
2016-06-03 00:00:00,,,,,,
2016-06-06 00:00:00,,,,,,
2016-06-07 00:00:00,,,,,,
2016-06-08 00:00:00,,,,,,
2016-06-09 00:00:00,,,,,,
2016-06-10 00:00:00,,,,,,
2016-06-13 00:00:00,,,,,,
2016-06-14 00:00:00,,,,,,
2016-06-15 00:00:00,,,,,,
2016-06-16 00:00:00,,,,,,
2016-06-17 00:00:00,,,,,,
2016-06-20 00:00:00,,,,,,
2016-06-21 00:00:00,,,,,,
2016-06-22 00:00:00,,,,,,
2016-06-23 00:00:00,,,,,,
2016-06-24 00:00:00,,,,,,
2016-06-27 00:00:00,,,,,,
2016-06-28 00:00:00,,,,,,
2016-06-29 00:00:00,,,,,,
2016-06-30 00:00:00,,,,,,
2016-07-01 00:00:00,,,,,,
2016-07-05 00:00:00,,,,,,
2016-07-06 00:00:00,,,,,,
2016-07-07 00:00:00,,,,,,
2016-07-08 00:00:00,,,,,,
2016-07-11 00:00:00,,,,,,
2016-07-12 00:00:00,,,,,,
2016-07-13 00:00:00,,,,,,
2016-07-14 00:00:00,,,,,,
2016-07-15 00:00:00,,,,,,
2016-07-18 00:00:00,,,,,,
2016-07-19 00:00:00,,,,,,
2016-07-20 00:00:00,,,,,,
2016-07-21 00:00:00,,,,,,
2016-07-22 00:00:00,,,,,,
2016-07-25 00:00:00,,,,,,
2016-07-26 00:00:00,,,,,,
2016-07-27 00:00:00,,,,,,
2016-07-28 00:00:00,,,,,,
2016-07-29 00:00:00,,,,,,
2016-08-01 00:00:00,,,,,,
2016-08-02 00:00:00,,,,,,
2016-08-03 00:00:00,,,,,,
2016-08-04 00:00:00,,,,,,
2016-08-05 00:00:00,,,,,,
2016-08-08 00:00:00,,,,,,
2016-08-09 00:00:00,,,,,,
2016-08-10 00:00:00,,,,,,
2016-08-11 00:00:00,,,,,,
2016-08-12 00:00:00,,,,,,
2016-08-15 00:00:00,,,,,,
2016-08-16 00:00:00,,,,,,
2016-08-17 00:00:00,,,,,,
2016-08-18 00:00:00,,,,,,
2016-08-19 00:00:00,,,,,,
2016-08-22 00:00:00,,,,,,
2016-08-23 00:00:00,,,,,,
2016-08-24 00:00:00,,,,,,
2016-08-25 00:00:00,,,,,,
2016-08-26 00:00:00,,,,,,
2016-08-29 00:00:00,,,,,,
2016-08-30 00:00:00,,,,,,
2016-08-31 00:00:00,,,,,,
2016-09-01 00:00:00,,,,,,
2016-09-02 00:00:00,,,,,,
2016-09-06 00:00:00,,,,,,
2016-09-07 00:00:00,,,,,,
2016-09-08 00:00:00,,,,,,
2016-09-09 00:00:00,,,,,,
2016-09-12 00:00:00,,,,,,
2016-09-13 00:00:00,,,,,,
2016-09-14 00:00:00,,,,,,
2016-09-15 00:00:00,,,,,,
2016-09-16 00:00:00,,,,,,
2016-09-19 00:00:00,,,,,,
2016-09-20 00:00:00,,,,,,
2016-09-21 00:00:00,,,,,,
2016-09-22 00:00:00,,,,,,
2016-09-23 00:00:00,,,,,,
2016-09-26 00:00:00,,,,,,
2016-09-27 00:00:00,,,,,,
2016-09-28 00:00:00,,,,,,
2016-09-29 00:00:00,,,,,,
2016-09-30 00:00:00,,,,,,
2016-10-03 00:00:00,,,,,,
2016-10-04 00:00:00,,,,,,
2016-10-05 00:00:00,,,,,,
2016-10-06 00:00:00,,,,,,
2016-10-07 00:00:00,,,,,,
2016-10-10 00:00:00,,,,,,
2016-10-11 00:00:00,,,,,,
2016-10-12 00:00:00,,,,,,
2016-10-13 00:00:00,,,,,,
2016-10-14 00:00:00,,,,,,
2016-10-17 00:00:00,,,,,,
2016-10-18 00:00:00,,,,,,
2016-10-19 00:00:00,,,,,,
2016-10-20 00:00:00,,,,,,
2016-10-21 00:00:00,,,,,,
2016-10-24 00:00:00,,,,,,
2016-10-25 00:00:00,,,,,,
2016-10-26 00:00:00,,,,,,
2016-10-27 00:00:00,,,,,,
2016-10-28 00:00:00,,,,,,
2016-10-31 00:00:00,,,,,,
2016-11-01 00:00:00,,,,,,
2016-11-02 00:00:00,,,,,,
2016-11-03 00:00:00,,,,,,
2016-11-04 00:00:00,,,,,,
2016-11-07 00:00:00,,,,,,
2016-11-08 00:00:00,,,,,,
2016-11-09 00:00:00,,,,,,
2016-11-10 00:00:00,,,,,,
2016-11-11 00:00:00,,,,,,
2016-11-14 00:00:00,,,,,,
2016-11-15 00:00:00,,,,,,
2016-11-16 00:00:00,,,,,,
2016-11-17 00:00:00,,,,,,
2016-11-18 00:00:00,,,,,,
2016-11-21 00:00:00,,,,,,
2016-11-22 00:00:00,,,,,,
2016-11-23 00:00:00,,,,,,
2016-11-25 00:00:00,,,,,,
2016-11-28 00:00:00,,,,,,
2016-11-29 00:00:00,,,,,,
2016-11-30 00:00:00,,,,,,
2016-12-01 00:00:00,,,,,,
2016-12-02 00:00:00,,,,,,
2016-12-05 00:00:00,,,,,,
2016-12-06 00:00:00,,,,,,
2016-12-07 00:00:00,,,,,,
2016-12-08 00:00:00,,,,,,
2016-12-09 00:00:00,,,,,,
2016-12-12 00:00:00,,,,,,
2016-12-13 00:00:00,,,,,,
2016-12-14 00:00:00,,,,,,
2016-12-15 00:00:00,,,,,,
2016-12-16 00:00:00,,,,,,
2016-12-19 00:00:00,,,,,,
2016-12-20 00:00:00,,,,,,
2016-12-21 00:00:00,,,,,,
2016-12-22 00:00:00,,,,,,
2016-12-23 00:00:00,,,,,,
2016-12-27 00:00:00,,,,,,
2016-12-28 00:00:00,,,,,,
2016-12-29 00:00:00,,,,,,
2016-12-30 00:00:00,,,,,,
2017-01-03 00:00:00,,,,,,
2017-01-04 00:00:00,,,,,,
2017-01-05 00:00:00,,,,,,
2017-01-06 00:00:00,,,,,,
2017-01-09 00:00:00,,,,,,
2017-01-10 00:00:00,,,,,,
2017-01-11 00:00:00,,,,,,
2017-01-12 00:00:00,,,,,,
2017-01-13 00:00:00,,,,,,
2017-01-17 00:00:00,,,,,,
2017-01-18 00:00:00,,,,,,
2017-01-19 00:00:00,,,,,,
2017-01-20 00:00:00,,,,,,
2017-01-23 00:00:00,,,,,,
2017-01-24 00:00:00,,,,,,
2017-01-25 00:00:00,,,,,,
2017-01-26 00:00:00,,,,,,
2017-01-27 00:00:00,,,,,,
2017-01-30 00:00:00,,,,,,
2017-01-31 00:00:00,,,,,,
2017-02-01 00:00:00,,,,,,
2017-02-02 00:00:00,,,,,,
2017-02-03 00:00:00,,,,,,
2017-02-06 00:00:00,,,,,,
2017-02-07 00:00:00,,,,,,
2017-02-08 00:00:00,,,,,,
2017-02-09 00:00:00,,,,,,
2017-02-10 00:00:00,,,,,,
2017-02-13 00:00:00,,,,,,
2017-02-14 00:00:00,,,,,,
2017-02-15 00:00:00,,,,,,
2017-02-16 00:00:00,,,,,,
2017-02-17 00:00:00,,,,,,
2017-02-20 00:00:00,,,,,,
2017-02-21 00:00:00,,,,,,
2017-02-22 00:00:00,,,,,,
2017-02-23 00:00:00,,,,,,
2017-02-24 00:00:00,,,,,,
2017-02-27 00:00:00,,,,,,
2017-02-28 00:00:00,,,,,,
2017-03-01 00:00:00,,,,,,
2017-03-02 00:00:00,,,,,,
2017-03-03 00:00:00,,,,,,
2017-03-06 00:00:00,,,,,,
2017-03-07 00:00:00,,,,,,
2017-03-08 00:00:00,,,,,,
2017-03-09 00:00:00,,,,,,
2017-03-10 00:00:00,,,,,,
2017-03-13 00:00:00,,,,,,
2017-03-14 00:00:00,,,,,,
2017-03-15 00:00:00,,,,,,
2017-03-16 00:00:00,,,,,,
2017-03-17 00:00:00,,,,,,
2017-03-20 00:00:00,,,,,,
2017-03-21 00:00:00,,,,,,
2017-03-22 00:00:00,,,,,,
2017-03-23 00:00:00,,,,,,
2017-03-24 00:00:00,,,,,,
2017-03-27 00:00:00,,,,,,
2017-03-28 00:00:00,,,,,,
2017-03-29 00:00:00,,,,,,
2017-03-30 00:00:00,,,,,,
2017-03-31 00:00:00,,,,,,
2017-04-03 00:00:00,,,,,,
2017-04-04 00:00:00,,,,,,
2017-04-05 00:00:00,,,,,,
2017-04-06 00:00:00,,,,,,
2017-04-07 00:00:00,,,,,,
2017-04-10 00:00:00,,,,,,
2017-04-11 00:00:00,,,,,,
2017-04-12 00:00:00,,,,,,
2017-04-13 00:00:00,,,,,,
2017-04-17 00:00:00,,,,,,
2017-04-18 00:00:00,,,,,,
2017-04-19 00:00:00,,,,,,
2017-04-20 00:00:00,,,,,,
2017-04-21 00:00:00,,,,,,
2017-04-24 00:00:00,,,,,,
2017-04-25 00:00:00,,,,,,
2017-04-26 00:00:00,,,,,,
2017-04-27 00:00:00,,,,,,
2017-04-28 00:00:00,,,,,,
2017-05-01 00:00:00,,,,,,
2017-05-02 00:00:00,,,,,,
2017-05-03 00:00:00,,,,,,
2017-05-04 00:00:00,,,,,,
2017-05-05 00:00:00,,,,,,
2017-05-08 00:00:00,,,,,,
2017-05-09 00:00:00,,,,,,
2017-05-10 00:00:00,,,,,,
2017-05-11 00:00:00,,,,,,
2017-05-12 00:00:00,,,,,,
2017-05-15 00:00:00,,,,,,
2017-05-16 00:00:00,,,,,,
2017-05-17 00:00:00,,,,,,
2017-05-18 00:00:00,,,,,,
2017-05-19 00:00:00,,,,,,
2017-05-22 00:00:00,,,,,,
2017-05-23 00:00:00,,,,,,
2017-05-24 00:00:00,,,,,,
2017-05-25 00:00:00,,,,,,
2017-05-26 00:00:00,,,,,,
2017-05-30 00:00:00,,,,,,
2017-05-31 00:00:00,,,,,,
2017-06-01 00:00:00,,,,,,
2017-06-02 00:00:00,,,,,,
2017-06-05 00:00:00,,,,,,
2017-06-06 00:00:00,,,,,,
2017-06-07 00:00:00,,,,,,
2017-06-08 00:00:00,,,,,,
2017-06-09 00:00:00,,,,,,
2017-06-12 00:00:00,,,,,,
2017-06-13 00:00:00,,,,,,
2017-06-14 00:00:00,,,,,,
2017-06-15 00:00:00,,,,,,
2017-06-16 00:00:00,,,,,,
2017-06-19 00:00:00,,,,,,
2017-06-20 00:00:00,,,,,,
2017-06-21 00:00:00,,,,,,
2017-06-22 00:00:00,,,,,,
2017-06-23 00:00:00,,,,,,
2017-06-26 00:00:00,,,,,,
2017-06-27 00:00:00,,,,,,
2017-06-28 00:00:00,,,,,,
2017-06-29 00:00:00,,,,,,
2017-06-30 00:00:00,,,,,,
2017-07-03 00:00:00,,,,,,
2017-07-05 00:00:00,,,,,,
2017-07-06 00:00:00,,,,,,
2017-07-07 00:00:00,,,,,,
2017-07-10 00:00:00,,,,,,
2017-07-11 00:00:00,,,,,,
2017-07-12 00:00:00,,,,,,
2017-07-13 00:00:00,,,,,,
2017-07-14 00:00:00,,,,,,
2017-07-17 00:00:00,,,,,,
2017-07-18 00:00:00,,,,,,
2017-07-19 00:00:00,,,,,,
2017-07-20 00:00:00,,,,,,
2017-07-21 00:00:00,,,,,,
2017-07-24 00:00:00,,,,,,
2017-07-25 00:00:00,,,,,,
2017-07-26 00:00:00,,,,,,
2017-07-27 00:00:00,,,,,,
2017-07-28 00:00:00,,,,,,
2017-07-31 00:00:00,,,,,,
2017-08-01 00:00:00,,,,,,
2017-08-02 00:00:00,,,,,,
2017-08-03 00:00:00,,,,,,
2017-08-04 00:00:00,,,,,,
2017-08-07 00:00:00,,,,,,
2017-08-08 00:00:00,,,,,,
2017-08-09 00:00:00,,,,,,
2017-08-10 00:00:00,,,,,,
2017-08-11 00:00:00,,,,,,
2017-08-14 00:00:00,,,,,,
2017-08-15 00:00:00,,,,,,
2017-08-16 00:00:00,,,,,,
2017-08-17 00:00:00,,,,,,
2017-08-18 00:00:00,,,,,,
2017-08-21 00:00:00,,,,,,
2017-08-22 00:00:00,,,,,,
2017-08-23 00:00:00,,,,,,
2017-08-24 00:00:00,,,,,,
2017-08-25 00:00:00,,,,,,
2017-08-28 00:00:00,,,,,,
2017-08-29 00:00:00,,,,,,
2017-08-30 00:00:00,,,,,,
2017-08-31 00:00:00,,,,,,
2017-09-01 00:00:00,,,,,,
2017-09-05 00:00:00,,,,,,
2017-09-06 00:00:00,,,,,,
2017-09-07 00:00:00,,,,,,
2017-09-08 00:00:00,,,,,,
2017-09-11 00:00:00,,,,,,
2017-09-12 00:00:00,,,,,,
2017-09-13 00:00:00,,,,,,
2017-09-14 00:00:00,,,,,,
2017-09-15 00:00:00,,,,,,
2017-09-18 00:00:00,,,,,,
2017-09-19 00:00:00,,,,,,
2017-09-20 00:00:00,,,,,,
2017-09-21 00:00:00,,,,,,
2017-09-22 00:00:00,,,,,,
2017-09-25 00:00:00,,,,,,
2017-09-26 00:00:00,,,,,,
2017-09-27 00:00:00,,,,,,
2017-09-28 00:00:00,,,,,,
2017-09-29 00:00:00,,,,,,
2017-10-02 00:00:00,,,,,,
2017-10-03 00:00:00,,,,,,
2017-10-04 00:00:00,,,,,,
2017-10-05 00:00:00,,,,,,
2017-10-06 00:00:00,,,,,,
2017-10-09 00:00:00,,,,,,
2017-10-10 00:00:00,,,,,,
2017-10-11 00:00:00,,,,,,
2017-10-12 00:00:00,,,,,,
2017-10-13 00:00:00,,,,,,
2017-10-16 00:00:00,,,,,,
2017-10-17 00:00:00,,,,,,
2017-10-18 00:00:00,,,,,,
2017-10-19 00:00:00,,,,,,
2017-10-20 00:00:00,,,,,,
2017-10-23 00:00:00,,,,,,
2017-10-24 00:00:00,,,,,,
2017-10-25 00:00:00,,,,,,
2017-10-26 00:00:00,,,,,,
2017-10-27 00:00:00,,,,,,
2017-10-30 00:00:00,,,,,,
2017-10-31 00:00:00,,,,,,
2017-11-01 00:00:00,,,,,,
2017-11-02 00:00:00,,,,,,
2017-11-03 00:00:00,,,,,,
2017-11-06 00:00:00,,,,,,
2017-11-07 00:00:00,,,,,,
2017-11-08 00:00:00,,,,,,
2017-11-09 00:00:00,,,,,,
2017-11-10 00:00:00,,,,,,
2017-11-13 00:00:00,,,,,,
2017-11-14 00:00:00,,,,,,
2017-11-15 00:00:00,,,,,,
2017-11-16 00:00:00,,,,,,
2017-11-17 00:00:00,,,,,,
2017-11-20 00:00:00,,,,,,
2017-11-21 00:00:00,,,,,,
2017-11-22 00:00:00,,,,,,
2017-11-24 00:00:00,,,,,,
2017-11-27 00:00:00,,,,,,
2017-11-28 00:00:00,,,,,,
2017-11-29 00:00:00,,,,,,
2017-11-30 00:00:00,,,,,,
2017-12-01 00:00:00,,,,,,
2017-12-04 00:00:00,,,,,,
2017-12-05 00:00:00,,,,,,
2017-12-06 00:00:00,,,,,,
2017-12-07 00:00:00,,,,,,
2017-12-08 00:00:00,,,,,,
2017-12-11 00:00:00,,,,,,
2017-12-12 00:00:00,,,,,,
2017-12-13 00:00:00,,,,,,
2017-12-14 00:00:00,,,,,,
2017-12-15 00:00:00,,,,,,
2017-12-18 00:00:00,,,,,,
2017-12-19 00:00:00,,,,,,
2017-12-20 00:00:00,,,,,,
2017-12-21 00:00:00,,,,,,
2017-12-22 00:00:00,,,,,,
2017-12-26 00:00:00,,,,,,
2017-12-27 00:00:00,,,,,,
2017-12-28 00:00:00,,,,,,
2017-12-29 00:00:00,,,,,,
2018-01-02 00:00:00,,,,,,
2018-01-03 00:00:00,,,,,,
2018-01-04 00:00:00,,,,,,
2018-01-05 00:00:00,,,,,,
2018-01-08 00:00:00,,,,,,
2018-01-09 00:00:00,,,,,,
2018-01-10 00:00:00,,,,,,
2018-01-11 00:00:00,,,,,,
2018-01-12 00:00:00,,,,,,
2018-01-16 00:00:00,,,,,,
2018-01-17 00:00:00,,,,,,
2018-01-18 00:00:00,,,,,,
2018-01-19 00:00:00,,,,,,
2018-01-22 00:00:00,,,,,,
2018-01-23 00:00:00,,,,,,
2018-01-24 00:00:00,,,,,,
2018-01-25 00:00:00,,,,,,
2018-01-26 00:00:00,,,,,,
2018-01-29 00:00:00,,,,,,
2018-01-30 00:00:00,,,,,,
2018-01-31 00:00:00,,,,,,
2018-02-01 00:00:00,,,,,,
2018-02-02 00:00:00,,,,,,
2018-02-05 00:00:00,,,,,,
2018-02-06 00:00:00,,,,,,
2018-02-07 00:00:00,,,,,,
2018-02-08 00:00:00,,,,,,
2018-02-09 00:00:00,,,,,,
2018-02-12 00:00:00,,,,,,
2018-02-13 00:00:00,,,,,,
2018-02-14 00:00:00,,,,,,
2018-02-15 00:00:00,,,,,,
2018-02-16 00:00:00,,,,,,
2018-02-20 00:00:00,,,,,,
2018-02-21 00:00:00,,,,,,
2018-02-22 00:00:00,,,,,,
2018-02-23 00:00:00,,,,,,
2018-02-26 00:00:00,,,,,,
2018-02-27 00:00:00,,,,,,
2018-02-28 00:00:00,,,,,,
2018-03-01 00:00:00,,,,,,
2018-03-02 00:00:00,,,,,,
2018-03-05 00:00:00,,,,,,
2018-03-06 00:00:00,,,,,,
2018-03-07 00:00:00,,,,,,
2018-03-08 00:00:00,,,,,,
2018-03-09 00:00:00,,,,,,
2018-03-12 00:00:00,,,,,,
2018-03-13 00:00:00,,,,,,
2018-03-14 00:00:00,,,,,,
2018-03-15 00:00:00,,,,,,
2018-03-16 00:00:00,,,,,,
2018-03-19 00:00:00,,,,,,
2018-03-20 00:00:00,,,,,,
2018-03-21 00:00:00,,,,,,
2018-03-22 00:00:00,,,,,,
2018-03-23 00:00:00,,,,,,
2018-03-26 00:00:00,,,,,,
2018-03-27 00:00:00,,,,,,
2018-03-28 00:00:00,,,,,,
2018-03-29 00:00:00,,,,,,
2018-04-02 00:00:00,,,,,,
2018-04-03 00:00:00,,,,,,
2018-04-04 00:00:00,,,,,,
2018-04-05 00:00:00,,,,,,
2018-04-06 00:00:00,,,,,,
2018-04-09 00:00:00,,,,,,
2018-04-10 00:00:00,,,,,,
2018-04-11 00:00:00,,,,,,
2018-04-12 00:00:00,,,,,,
2018-04-13 00:00:00,,,,,,
2018-04-16 00:00:00,,,,,,
2018-04-17 00:00:00,,,,,,
2018-04-18 00:00:00,,,,,,
2018-04-19 00:00:00,,,,,,
2018-04-20 00:00:00,,,,,,
2018-04-23 00:00:00,,,,,,
2018-04-24 00:00:00,,,,,,
2018-04-25 00:00:00,,,,,,
2018-04-26 00:00:00,,,,,,
2018-04-27 00:00:00,,,,,,
2018-04-30 00:00:00,,,,,,
2018-05-01 00:00:00,,,,,,
2018-05-02 00:00:00,,,,,,
2018-05-03 00:00:00,,,,,,
2018-05-04 00:00:00,,,,,,
2018-05-07 00:00:00,,,,,,
2018-05-08 00:00:00,,,,,,
2018-05-09 00:00:00,,,,,,
2018-05-10 00:00:00,,,,,,
2018-05-11 00:00:00,,,,,,
2018-05-14 00:00:00,,,,,,
2018-05-15 00:00:00,,,,,,
2018-05-16 00:00:00,,,,,,
2018-05-17 00:00:00,,,,,,
2018-05-18 00:00:00,,,,,,
2018-05-21 00:00:00,,,,,,
2018-05-22 00:00:00,,,,,,
2018-05-23 00:00:00,,,,,,
2018-05-24 00:00:00,,,,,,
2018-05-25 00:00:00,,,,,,
2018-05-29 00:00:00,,,,,,
2018-05-30 00:00:00,,,,,,
2018-05-31 00:00:00,,,,,,
2018-06-01 00:00:00,,,,,,
2018-06-04 00:00:00,,,,,,
2018-06-05 00:00:00,,,,,,
2018-06-06 00:00:00,,,,,,
2018-06-07 00:00:00,,,,,,
2018-06-08 00:00:00,,,,,,
2018-06-11 00:00:00,,,,,,
2018-06-12 00:00:00,,,,,,
2018-06-13 00:00:00,,,,,,
2018-06-14 00:00:00,,,,,,
2018-06-15 00:00:00,,,,,,
2018-06-18 00:00:00,,,,,,
2018-06-19 00:00:00,,,,,,
2018-06-20 00:00:00,,,,,,
2018-06-21 00:00:00,,,,,,
2018-06-22 00:00:00,,,,,,
2018-06-25 00:00:00,,,,,,
2018-06-26 00:00:00,,,,,,
2018-06-27 00:00:00,,,,,,
2018-06-28 00:00:00,,,,,,
2018-06-29 00:00:00,,,,,,
2018-07-02 00:00:00,,,,,,
2018-07-03 00:00:00,,,,,,
2018-07-05 00:00:00,,,,,,
2018-07-06 00:00:00,,,,,,
2018-07-09 00:00:00,,,,,,
2018-07-10 00:00:00,,,,,,
2018-07-11 00:00:00,,,,,,
2018-07-12 00:00:00,,,,,,
2018-07-13 00:00:00,,,,,,
2018-07-16 00:00:00,,,,,,
2018-07-17 00:00:00,,,,,,
2018-07-18 00:00:00,,,,,,
2018-07-19 00:00:00,,,,,,
2018-07-20 00:00:00,,,,,,
2018-07-23 00:00:00,,,,,,
2018-07-24 00:00:00,,,,,,
2018-07-25 00:00:00,,,,,,
2018-07-26 00:00:00,,,,,,
2018-07-27 00:00:00,,,,,,
2018-07-30 00:00:00,,,,,,
2018-07-31 00:00:00,,,,,,
2018-08-01 00:00:00,,,,,,
2018-08-02 00:00:00,,,,,,
2018-08-03 00:00:00,,,,,,
2018-08-06 00:00:00,,,,,,
2018-08-07 00:00:00,,,,,,
2018-08-08 00:00:00,,,,,,
2018-08-09 00:00:00,,,,,,
2018-08-10 00:00:00,,,,,,
2018-08-13 00:00:00,,,,,,
2018-08-14 00:00:00,,,,,,
2018-08-15 00:00:00,,,,,,
2018-08-16 00:00:00,,,,,,
2018-08-17 00:00:00,,,,,,
2018-08-20 00:00:00,,,,,,
2018-08-21 00:00:00,,,,,,
2018-08-22 00:00:00,,,,,,
2018-08-23 00:00:00,,,,,,
2018-08-24 00:00:00,,,,,,
2018-08-27 00:00:00,,,,,,
2018-08-28 00:00:00,,,,,,
2018-08-29 00:00:00,,,,,,
2018-08-30 00:00:00,,,,,,
2018-08-31 00:00:00,,,,,,
2018-09-04 00:00:00,,,,,,
2018-09-05 00:00:00,,,,,,
2018-09-06 00:00:00,,,,,,
2018-09-07 00:00:00,,,,,,
2018-09-10 00:00:00,,,,,,
2018-09-11 00:00:00,,,,,,
2018-09-12 00:00:00,,,,,,
2018-09-13 00:00:00,,,,,,
2018-09-14 00:00:00,,,,,,
2018-09-17 00:00:00,,,,,,
2018-09-18 00:00:00,,,,,,
2018-09-19 00:00:00,,,,,,
2018-09-20 00:00:00,,,,,,
2018-09-21 00:00:00,,,,,,
2018-09-24 00:00:00,,,,,,
2018-09-25 00:00:00,,,,,,
2018-09-26 00:00:00,,,,,,
2018-09-27 00:00:00,,,,,,
2018-09-28 00:00:00,,,,,,
2018-10-01 00:00:00,,,,,,
2018-10-02 00:00:00,,,,,,
2018-10-03 00:00:00,,,,,,
2018-10-04 00:00:00,,,,,,
2018-10-05 00:00:00,,,,,,
2018-10-08 00:00:00,,,,,,
2018-10-09 00:00:00,,,,,,
2018-10-10 00:00:00,,,,,,
2018-10-11 00:00:00,,,,,,
2018-10-12 00:00:00,,,,,,
2018-10-15 00:00:00,,,,,,
2018-10-16 00:00:00,,,,,,
2018-10-17 00:00:00,,,,,,
2018-10-18 00:00:00,,,,,,
2018-10-19 00:00:00,,,,,,
2018-10-22 00:00:00,,,,,,
2018-10-23 00:00:00,,,,,,
2018-10-24 00:00:00,,,,,,
2018-10-25 00:00:00,,,,,,
2018-10-26 00:00:00,,,,,,
2018-10-29 00:00:00,,,,,,
2018-10-30 00:00:00,,,,,,
2018-10-31 00:00:00,,,,,,
2018-11-01 00:00:00,,,,,,
2018-11-02 00:00:00,,,,,,
2018-11-05 00:00:00,,,,,,
2018-11-06 00:00:00,,,,,,
2018-11-07 00:00:00,,,,,,
2018-11-08 00:00:00,,,,,,
2018-11-09 00:00:00,,,,,,
2018-11-12 00:00:00,,,,,,
2018-11-13 00:00:00,,,,,,
2018-11-14 00:00:00,,,,,,
2018-11-15 00:00:00,,,,,,
2018-11-16 00:00:00,,,,,,
2018-11-19 00:00:00,,,,,,
2018-11-20 00:00:00,,,,,,
2018-11-21 00:00:00,,,,,,
2018-11-23 00:00:00,,,,,,
2018-11-26 00:00:00,,,,,,
2018-11-27 00:00:00,,,,,,
2018-11-28 00:00:00,,,,,,
2018-11-29 00:00:00,,,,,,
2018-11-30 00:00:00,,,,,,
2018-12-03 00:00:00,,,,,,
2018-12-04 00:00:00,,,,,,
2018-12-05 00:00:00,,,,,,
2018-12-06 00:00:00,,,,,,
2018-12-07 00:00:00,,,,,,
2018-12-10 00:00:00,,,,,,
2018-12-11 00:00:00,,,,,,
2018-12-12 00:00:00,,,,,,
2018-12-13 00:00:00,,,,,,
2018-12-14 00:00:00,,,,,,
2018-12-17 00:00:00,,,,,,
2018-12-18 00:00:00,,,,,,
2018-12-19 00:00:00,,,,,,
2018-12-20 00:00:00,,,,,,
2018-12-21 00:00:00,,,,,,
2018-12-24 00:00:00,,,,,,
2018-12-26 00:00:00,,,,,,
2018-12-27 00:00:00,,,,,,
2018-12-28 00:00:00,,,,,,
2018-12-31 00:00:00,,,,,,
2019-01-02 00:00:00,,,,,,
2019-01-03 00:00:00,,,,,,
2019-01-04 00:00:00,,,,,,
2019-01-07 00:00:00,,,,,,
2019-01-08 00:00:00,,,,,,
2019-01-09 00:00:00,,,,,,
2019-01-10 00:00:00,,,,,,
2019-01-11 00:00:00,,,,,,
2019-01-14 00:00:00,,,,,,
2019-01-15 00:00:00,,,,,,
2019-01-16 00:00:00,,,,,,
2019-01-17 00:00:00,,,,,,
2019-01-18 00:00:00,,,,,,
2019-01-22 00:00:00,,,,,,
2019-01-23 00:00:00,,,,,,
2019-01-24 00:00:00,,,,,,
2019-01-25 00:00:00,,,,,,
2019-01-28 00:00:00,,,,,,
2019-01-29 00:00:00,,,,,,
2019-01-30 00:00:00,,,,,,
2019-01-31 00:00:00,,,,,,
2019-02-01 00:00:00,,,,,,
2019-02-04 00:00:00,,,,,,
2019-02-05 00:00:00,,,,,,
2019-02-06 00:00:00,,,,,,
2019-02-07 00:00:00,,,,,,
2019-02-08 00:00:00,,,,,,
2019-02-11 00:00:00,,,,,,
2019-02-12 00:00:00,,,,,,
2019-02-13 00:00:00,,,,,,
2019-02-14 00:00:00,,,,,,
2019-02-15 00:00:00,,,,,,
2019-02-19 00:00:00,,,,,,
2019-02-20 00:00:00,,,,,,
2019-02-21 00:00:00,,,,,,
2019-02-22 00:00:00,,,,,,
2019-02-25 00:00:00,,,,,,
2019-02-26 00:00:00,,,,,,
2019-02-27 00:00:00,,,,,,
2019-02-28 00:00:00,,,,,,
2019-03-01 00:00:00,,,,,,
2019-03-04 00:00:00,,,,,,
2019-03-05 00:00:00,,,,,,
2019-03-06 00:00:00,,,,,,
2019-03-07 00:00:00,,,,,,
2019-03-08 00:00:00,,,,,,
2019-03-11 00:00:00,,,,,,
2019-03-12 00:00:00,,,,,,
2019-03-13 00:00:00,,,,,,
2019-03-14 00:00:00,,,,,,
2019-03-15 00:00:00,,,,,,
2019-03-18 00:00:00,,,,,,
2019-03-19 00:00:00,,,,,,
2019-03-20 00:00:00,,,,,,
2019-03-21 00:00:00,,,,,,
2019-03-22 00:00:00,,,,,,
2019-03-25 00:00:00,,,,,,
2019-03-26 00:00:00,,,,,,
2019-03-27 00:00:00,,,,,,
2019-03-28 00:00:00,,,,,,
2019-03-29 00:00:00,,,,,,
2019-04-01 00:00:00,,,,,,
2019-04-02 00:00:00,,,,,,
2019-04-03 00:00:00,,,,,,
2019-04-04 00:00:00,,,,,,
2019-04-05 00:00:00,,,,,,
2019-04-08 00:00:00,,,,,,
2019-04-09 00:00:00,,,,,,
2019-04-10 00:00:00,,,,,,
2019-04-11 00:00:00,,,,,,
2019-04-12 00:00:00,,,,,,
2019-04-15 00:00:00,,,,,,
2019-04-16 00:00:00,,,,,,
2019-04-17 00:00:00,,,,,,
2019-04-18 00:00:00,,,,,,
2019-04-22 00:00:00,,,,,,
2019-04-23 00:00:00,,,,,,
2019-04-24 00:00:00,,,,,,
2019-04-25 00:00:00,,,,,,
2019-04-26 00:00:00,,,,,,
2019-04-29 00:00:00,,,,,,
2019-04-30 00:00:00,,,,,,
2019-05-01 00:00:00,,,,,,
2019-05-02 00:00:00,,,,,,
2019-05-03 00:00:00,,,,,,
2019-05-06 00:00:00,,,,,,
2019-05-07 00:00:00,,,,,,
2019-05-08 00:00:00,,,,,,
2019-05-09 00:00:00,,,,,,
2019-05-10 00:00:00,,,,,,
2019-05-13 00:00:00,,,,,,
2019-05-14 00:00:00,,,,,,
2019-05-15 00:00:00,,,,,,
2019-05-16 00:00:00,,,,,,
2019-05-17 00:00:00,,,,,,
2019-05-20 00:00:00,,,,,,
2019-05-21 00:00:00,,,,,,
2019-05-22 00:00:00,,,,,,
2019-05-23 00:00:00,,,,,,
2019-05-24 00:00:00,,,,,,
2019-05-28 00:00:00,,,,,,
2019-05-29 00:00:00,,,,,,
2019-05-30 00:00:00,,,,,,
2019-05-31 00:00:00,,,,,,
2019-06-03 00:00:00,,,,,,
2019-06-04 00:00:00,,,,,,
2019-06-05 00:00:00,,,,,,
2019-06-06 00:00:00,,,,,,
2019-06-07 00:00:00,,,,,,
2019-06-10 00:00:00,,,,,,
2019-06-11 00:00:00,,,,,,
2019-06-12 00:00:00,,,,,,
2019-06-13 00:00:00,,,,,,
2019-06-14 00:00:00,,,,,,
2019-06-17 00:00:00,,,,,,
2019-06-18 00:00:00,,,,,,
2019-06-19 00:00:00,,,,,,
2019-06-20 00:00:00,,,,,,
2019-06-21 00:00:00,,,,,,
2019-06-24 00:00:00,,,,,,
2019-06-25 00:00:00,,,,,,
2019-06-26 00:00:00,,,,,,
2019-06-27 00:00:00,,,,,,
2019-06-28 00:00:00,,,,,,
2019-07-01 00:00:00,,,,,,
2019-07-02 00:00:00,,,,,,
2019-07-03 00:00:00,,,,,,
2019-07-05 00:00:00,,,,,,
2019-07-08 00:00:00,,,,,,
2019-07-09 00:00:00,,,,,,
2019-07-10 00:00:00,,,,,,
2019-07-11 00:00:00,,,,,,
2019-07-12 00:00:00,,,,,,
2019-07-15 00:00:00,,,,,,
2019-07-16 00:00:00,,,,,,
2019-07-17 00:00:00,,,,,,
2019-07-18 00:00:00,,,,,,
2019-07-19 00:00:00,,,,,,
2019-07-22 00:00:00,,,,,,
2019-07-23 00:00:00,,,,,,
2019-07-24 00:00:00,,,,,,
2019-07-25 00:00:00,,,,,,
2019-07-26 00:00:00,,,,,,
2019-07-29 00:00:00,,,,,,
2019-07-30 00:00:00,,,,,,
2019-07-31 00:00:00,,,,,,
2019-08-01 00:00:00,,,,,,
2019-08-02 00:00:00,,,,,,
2019-08-05 00:00:00,,,,,,
2019-08-06 00:00:00,,,,,,
2019-08-07 00:00:00,,,,,,
2019-08-08 00:00:00,,,,,,
2019-08-09 00:00:00,,,,,,
2019-08-12 00:00:00,,,,,,
2019-08-13 00:00:00,,,,,,
2019-08-14 00:00:00,,,,,,
2019-08-15 00:00:00,,,,,,
2019-08-16 00:00:00,,,,,,
2019-08-19 00:00:00,,,,,,
2019-08-20 00:00:00,,,,,,
2019-08-21 00:00:00,,,,,,
2019-08-22 00:00:00,,,,,,
2019-08-23 00:00:00,,,,,,
2019-08-26 00:00:00,,,,,,
2019-08-27 00:00:00,,,,,,
2019-08-28 00:00:00,,,,,,
2019-08-29 00:00:00,,,,,,
2019-08-30 00:00:00,,,,,,
2019-09-03 00:00:00,,,,,,
2019-09-04 00:00:00,,,,,,
2019-09-05 00:00:00,,,,,,
2019-09-06 00:00:00,,,,,,
2019-09-09 00:00:00,,,,,,
2019-09-10 00:00:00,,,,,,
2019-09-11 00:00:00,,,,,,
2019-09-12 00:00:00,,,,,,
2019-09-13 00:00:00,,,,,,
2019-09-16 00:00:00,,,,,,
2019-09-17 00:00:00,,,,,,
2019-09-18 00:00:00,,,,,,
2019-09-19 00:00:00,,,,,,
2019-09-20 00:00:00,,,,,,
2019-09-23 00:00:00,,,,,,
2019-09-24 00:00:00,,,,,,
2019-09-25 00:00:00,,,,,,
2019-09-26 00:00:00,,,,,,
2019-09-27 00:00:00,,,,,,
2019-09-30 00:00:00,,,,,,
2019-10-01 00:00:00,,,,,,
2019-10-02 00:00:00,,,,,,
2019-10-03 00:00:00,,,,,,
2019-10-04 00:00:00,,,,,,
2019-10-07 00:00:00,,,,,,
2019-10-08 00:00:00,,,,,,
2019-10-09 00:00:00,,,,,,
2019-10-10 00:00:00,,,,,,
2019-10-11 00:00:00,,,,,,
2019-10-14 00:00:00,,,,,,
2019-10-15 00:00:00,,,,,,
2019-10-16 00:00:00,,,,,,
2019-10-17 00:00:00,,,,,,
2019-10-18 00:00:00,,,,,,
2019-10-21 00:00:00,,,,,,
2019-10-22 00:00:00,,,,,,
2019-10-23 00:00:00,,,,,,
2019-10-24 00:00:00,,,,,,
2019-10-25 00:00:00,,,,,,
2019-10-28 00:00:00,,,,,,
2019-10-29 00:00:00,,,,,,
2019-10-30 00:00:00,,,,,,
2019-10-31 00:00:00,,,,,,
2019-11-01 00:00:00,,,,,,
2019-11-04 00:00:00,,,,,,
2019-11-05 00:00:00,,,,,,
2019-11-06 00:00:00,,,,,,
2019-11-07 00:00:00,,,,,,
2019-11-08 00:00:00,,,,,,
2019-11-11 00:00:00,,,,,,
2019-11-12 00:00:00,,,,,,
2019-11-13 00:00:00,,,,,,
2019-11-14 00:00:00,,,,,,
2019-11-15 00:00:00,,,,,,
2019-11-18 00:00:00,,,,,,
2019-11-19 00:00:00,,,,,,
2019-11-20 00:00:00,,,,,,
2019-11-21 00:00:00,,,,,,
2019-11-22 00:00:00,,,,,,
2019-11-25 00:00:00,,,,,,
2019-11-26 00:00:00,,,,,,
2019-11-27 00:00:00,,,,,,
2019-11-28 00:00:00,,,,,,
2019-11-29 00:00:00,,,,,,
2019-12-02 00:00:00,,,,,,
2019-12-03 00:00:00,,,,,,
2019-12-04 00:00:00,,,,,,
2019-12-05 00:00:00,,,,,,
2019-12-06 00:00:00,,,,,,
2019-12-09 00:00:00,,,,,,
2019-12-10 00:00:00,,,,,,
2019-12-11 00:00:00,,,,,,
2019-12-12 00:00:00,,,,,,
2019-12-13 00:00:00,,,,,,
2019-12-16 00:00:00,,,,,,
2019-12-17 00:00:00,,,,,,
2019-12-18 00:00:00,,,,,,
2019-12-19 00:00:00,,,,,,
2019-12-20 00:00:00,,,,,,
2019-12-23 00:00:00,,,,,,
2019-12-24 00:00:00,,,,,,
2019-12-26 00:00:00,,,,,,
2019-12-27 00:00:00,,,,,,
2019-12-30 00:00:00,,,,,,
2019-12-31 00:00:00,,,,,,
2020-01-02 00:00:00,,,,,,
2020-01-03 00:00:00,,,,,,
2020-01-06 00:00:00,,,,,,
2020-01-07 00:00:00,,,,,,
2020-01-08 00:00:00,,,,,,
2020-01-09 00:00:00,,,,,,
2020-01-10 00:00:00,,,,,,
2020-01-13 00:00:00,,,,,,
2020-01-14 00:00:00,,,,,,
2020-01-15 00:00:00,,,,,,
2020-01-16 00:00:00,,,,,,
2020-01-17 00:00:00,,,,,,
2020-01-21 00:00:00,,,,,,
2020-01-22 00:00:00,,,,,,
2020-01-23 00:00:00,,,,,,
2020-01-24 00:00:00,,,,,,
2020-01-27 00:00:00,,,,,,
2020-01-28 00:00:00,,,,,,
2020-01-29 00:00:00,,,,,,
2020-01-30 00:00:00,,,,,,
2020-01-31 00:00:00,,,,,,
2020-02-03 00:00:00,,,,,,
2020-02-04 00:00:00,,,,,,
2020-02-05 00:00:00,,,,,,
2020-02-06 00:00:00,,,,,,
2020-02-07 00:00:00,,,,,,
2020-02-10 00:00:00,,,,,,
2020-02-11 00:00:00,,,,,,
2020-02-12 00:00:00,,,,,,
2020-02-13 00:00:00,,,,,,
2020-02-14 00:00:00,,,,,,
2020-02-18 00:00:00,,,,,,
2020-02-19 00:00:00,,,,,,
2020-02-20 00:00:00,,,,,,
2020-02-21 00:00:00,,,,,,
2020-02-24 00:00:00,,,,,,
2020-02-25 00:00:00,,,,,,
2020-02-26 00:00:00,,,,,,
2020-02-27 00:00:00,,,,,,
2020-02-28 00:00:00,,,,,,
2020-03-02 00:00:00,,,,,,
2020-03-03 00:00:00,,,,,,
2020-03-04 00:00:00,,,,,,
2020-03-05 00:00:00,,,,,,
2020-03-06 00:00:00,,,,,,
2020-03-09 00:00:00,,,,,,
2020-03-10 00:00:00,,,,,,
2020-03-11 00:00:00,,,,,,
2020-03-12 00:00:00,,,,,,
2020-03-13 00:00:00,,,,,,
2020-03-16 00:00:00,,,,,,
2020-03-17 00:00:00,,,,,,
2020-03-18 00:00:00,,,,,,
2020-03-19 00:00:00,,,,,,
2020-03-20 00:00:00,,,,,,
2020-03-23 00:00:00,,,,,,
2020-03-24 00:00:00,,,,,,
2020-03-25 00:00:00,,,,,,
2020-03-26 00:00:00,,,,,,
2020-03-27 00:00:00,,,,,,
2020-03-30 00:00:00,,,,,,
2020-03-31 00:00:00,,,,,,
2020-04-01 00:00:00,,,,,,
2020-04-02 00:00:00,,,,,,
2020-04-03 00:00:00,,,,,,
2020-04-06 00:00:00,,,,,,
2020-04-07 00:00:00,,,,,,
2020-04-08 00:00:00,,,,,,
2020-04-09 00:00:00,,,,,,
2020-04-13 00:00:00,,,,,,
2020-04-14 00:00:00,,,,,,
2020-04-15 00:00:00,,,,,,
2020-04-16 00:00:00,,,,,,
2020-04-17 00:00:00,,,,,,
2020-04-20 00:00:00,,,,,,
2020-04-21 00:00:00,,,,,,
2020-04-22 00:00:00,,,,,,
2020-04-23 00:00:00,,,,,,
2020-04-24 00:00:00,,,,,,
2020-04-27 00:00:00,,,,,,
2020-04-28 00:00:00,,,,,,
2020-04-29 00:00:00,,,,,,
2020-04-30 00:00:00,,,,,,
2020-05-01 00:00:00,,,,,,
2020-05-04 00:00:00,,,,,,
2020-05-05 00:00:00,,,,,,
2020-05-06 00:00:00,,,,,,
2020-05-07 00:00:00,,,,,,
2020-05-08 00:00:00,,,,,,
2020-05-11 00:00:00,,,,,,
2020-05-12 00:00:00,,,,,,
2020-05-13 00:00:00,,,,,,
2020-05-14 00:00:00,,,,,,
2020-05-15 00:00:00,,,,,,
2020-05-18 00:00:00,,,,,,
2020-05-19 00:00:00,,,,,,
2020-05-20 00:00:00,,,,,,
2020-05-21 00:00:00,,,,,,
2020-05-22 00:00:00,,,,,,
2020-05-26 00:00:00,,,,,,
2020-05-27 00:00:00,,,,,,
2020-05-28 00:00:00,,,,,,
2020-05-29 00:00:00,,,,,,
2020-06-01 00:00:00,,,,,,
2020-06-02 00:00:00,,,,,,
2020-06-03 00:00:00,,,,,,
2020-06-04 00:00:00,,,,,,
2020-06-05 00:00:00,,,,,,
2020-06-08 00:00:00,,,,,,
2020-06-09 00:00:00,,,,,,
2020-06-10 00:00:00,,,,,,
2020-06-11 00:00:00,,,,,,
2020-06-12 00:00:00,,,,,,
2020-06-15 00:00:00,,,,,,
2020-06-16 00:00:00,,,,,,
2020-06-17 00:00:00,,,,,,
2020-06-18 00:00:00,,,,,,
2020-06-19 00:00:00,,,,,,
2020-06-22 00:00:00,,,,,,
2020-06-23 00:00:00,,,,,,
2020-06-24 00:00:00,,,,,,
2020-06-25 00:00:00,,,,,,
2020-06-26 00:00:00,,,,,,
2020-06-29 00:00:00,,,,,,
2020-06-30 00:00:00,,,,,,
2020-07-01 00:00:00,,,,,,
2020-07-02 00:00:00,,,,,,
2020-07-06 00:00:00,,,,,,
2020-07-07 00:00:00,,,,,,
2020-07-08 00:00:00,,,,,,
2020-07-09 00:00:00,,,,,,
2020-07-10 00:00:00,,,,,,
2020-07-13 00:00:00,,,,,,
2020-07-14 00:00:00,,,,,,
2020-07-15 00:00:00,,,,,,
2020-07-16 00:00:00,,,,,,
2020-07-17 00:00:00,,,,,,
2020-07-20 00:00:00,,,,,,
2020-07-21 00:00:00,,,,,,
2020-07-22 00:00:00,,,,,,
2020-07-23 00:00:00,,,,,,
2020-07-24 00:00:00,,,,,,
2020-07-27 00:00:00,,,,,,
2020-07-28 00:00:00,,,,,,
2020-07-29 00:00:00,,,,,,
2020-07-30 00:00:00,,,,,,
2020-07-31 00:00:00,,,,,,
2020-08-03 00:00:00,,,,,,
2020-08-04 00:00:00,,,,,,
2020-08-05 00:00:00,,,,,,
2020-08-06 00:00:00,,,,,,
2020-08-07 00:00:00,,,,,,
2020-08-10 00:00:00,,,,,,
2020-08-11 00:00:00,,,,,,
2020-08-12 00:00:00,,,,,,
2020-08-13 00:00:00,,,,,,
2020-08-14 00:00:00,,,,,,
2020-08-17 00:00:00,,,,,,
2020-08-18 00:00:00,,,,,,
2020-08-19 00:00:00,,,,,,
2020-08-20 00:00:00,,,,,,
2020-08-21 00:00:00,,,,,,
2020-08-24 00:00:00,,,,,,
2020-08-25 00:00:00,,,,,,
2020-08-26 00:00:00,,,,,,
2020-08-27 00:00:00,,,,,,
2020-08-28 00:00:00,,,,,,
2020-08-31 00:00:00,,,,,,
2020-09-01 00:00:00,,,,,,
2020-09-02 00:00:00,,,,,,
2020-09-03 00:00:00,,,,,,
2020-09-04 00:00:00,,,,,,
2020-09-08 00:00:00,,,,,,
2020-09-09 00:00:00,,,,,,
2020-09-10 00:00:00,,,,,,
2020-09-11 00:00:00,,,,,,
2020-09-14 00:00:00,,,,,,
2020-09-15 00:00:00,,,,,,
2020-09-16 00:00:00,,,,,,
2020-09-17 00:00:00,,,,,,
2020-09-18 00:00:00,,,,,,
2020-09-21 00:00:00,,,,,,
2020-09-22 00:00:00,,,,,,
2020-09-23 00:00:00,,,,,,
2020-09-24 00:00:00,,,,,,
2020-09-25 00:00:00,,,,,,
2020-09-28 00:00:00,,,,,,
2020-09-29 00:00:00,,,,,,
2020-09-30 00:00:00,,,,,,
2020-10-01 00:00:00,,,,,,
2020-10-02 00:00:00,,,,,,
2020-10-05 00:00:00,,,,,,
2020-10-06 00:00:00,,,,,,
2020-10-07 00:00:00,,,,,,
2020-10-08 00:00:00,,,,,,
2020-10-09 00:00:00,,,,,,
2020-10-12 00:00:00,,,,,,
2020-10-13 00:00:00,,,,,,
2020-10-14 00:00:00,,,,,,
2020-10-15 00:00:00,,,,,,
2020-10-16 00:00:00,,,,,,
2020-10-19 00:00:00,,,,,,
2020-10-20 00:00:00,,,,,,
2020-10-21 00:00:00,,,,,,
2020-10-22 00:00:00,,,,,,
2020-10-23 00:00:00,,,,,,
2020-10-26 00:00:00,,,,,,
2020-10-27 00:00:00,,,,,,
2020-10-28 00:00:00,,,,,,
2020-10-29 00:00:00,,,,,,
2020-10-30 00:00:00,,,,,,
2020-11-02 00:00:00,,,,,,
2020-11-03 00:00:00,,,,,,
2020-11-04 00:00:00,,,,,,
2020-11-05 00:00:00,,,,,,
2020-11-06 00:00:00,,,,,,
2020-11-09 00:00:00,,,,,,
2020-11-10 00:00:00,,,,,,
2020-11-11 00:00:00,,,,,,
2020-11-12 00:00:00,,,,,,
2020-11-13 00:00:00,,,,,,
2020-11-16 00:00:00,,,,,,
2020-11-17 00:00:00,,,,,,
2020-11-18 00:00:00,,,,,,
2020-11-19 00:00:00,,,,,,
2020-11-20 00:00:00,,,,,,
2020-11-23 00:00:00,,,,,,
2020-11-24 00:00:00,,,,,,
2020-11-25 00:00:00,,,,,,
2020-11-27 00:00:00,,,,,,
2020-11-30 00:00:00,,,,,,
2020-12-01 00:00:00,,,,,,
2020-12-02 00:00:00,,,,,,
2020-12-03 00:00:00,,,,,,
2020-12-04 00:00:00,,,,,,
2020-12-07 00:00:00,,,,,,
2020-12-08 00:00:00,,,,,,
2020-12-09 00:00:00,,,,,,
2020-12-10 00:00:00,,,,,,
2020-12-11 00:00:00,,,,,,
2020-12-14 00:00:00,,,,,,
2020-12-15 00:00:00,,,,,,
2020-12-16 00:00:00,,,,,,
2020-12-17 00:00:00,,,,,,
2020-12-18 00:00:00,,,,,,
2020-12-21 00:00:00,,,,,,
2020-12-22 00:00:00,,,,,,
2020-12-23 00:00:00,,,,,,
2020-12-24 00:00:00,,,,,,
2020-12-28 00:00:00,,,,,,
2020-12-29 00:00:00,,,,,,
2020-12-30 00:00:00,,,,,,
2020-12-31 00:00:00,,,,,,
2021-01-04 00:00:00,,,,,,
2021-01-05 00:00:00,,,,,,
2021-01-06 00:00:00,,,,,,
2021-01-07 00:00:00,,,,,,
2021-01-08 00:00:00,,,,,,
2021-01-11 00:00:00,,,,,,
2021-01-12 00:00:00,,,,,,
2021-01-13 00:00:00,,,,,,
2021-01-14 00:00:00,,,,,,
2021-01-15 00:00:00,,,,,,
2021-01-19 00:00:00,,,,,,
2021-01-20 00:00:00,,,,,,
2021-01-21 00:00:00,,,,,,
2021-01-22 00:00:00,,,,,,
2021-01-25 00:00:00,,,,,,
2021-01-26 00:00:00,,,,,,
2021-01-27 00:00:00,,,,,,
2021-01-28 00:00:00,,,,,,
2021-01-29 00:00:00,,,,,,
2021-02-01 00:00:00,,,,,,
2021-02-02 00:00:00,,,,,,
2021-02-03 00:00:00,,,,,,
2021-02-04 00:00:00,,,,,,
2021-02-05 00:00:00,,,,,,
2021-02-08 00:00:00,,,,,,
2021-02-09 00:00:00,,,,,,
2021-02-10 00:00:00,,,,,,
2021-02-11 00:00:00,,,,,,
2021-02-12 00:00:00,,,,,,
2021-02-16 00:00:00,,,,,,
2021-02-17 00:00:00,,,,,,
2021-02-18 00:00:00,,,,,,
2021-02-19 00:00:00,,,,,,
2021-02-22 00:00:00,,,,,,
2021-02-23 00:00:00,,,,,,
2021-02-24 00:00:00,,,,,,
2021-02-25 00:00:00,,,,,,
2021-02-26 00:00:00,,,,,,
2021-03-01 00:00:00,,,,,,
2021-03-02 00:00:00,,,,,,
2021-03-03 00:00:00,,,,,,
2021-03-04 00:00:00,25.10008430480957,25.610000610351562,25.75,25.239999771118164,25.239999771118164,96200.0
2021-03-05 00:00:00,25.139286041259766,25.649999618530273,25.950000762939453,25.549999237060547,25.59000015258789,104700.0
2021-03-08 00:00:00,25.139286041259766,25.649999618530273,25.649999618530273,25.586999893188477,25.586999893188477,14300.0
2021-03-09 00:00:00,25.178491592407227,25.690000534057617,25.75,25.520000457763672,25.639999389648438,33400.0
2021-03-10 00:00:00,25.188291549682617,25.700000762939453,25.700000762939453,25.572999954223633,25.690000534057617,21700.0
2021-03-11 00:00:00,25.188291549682617,25.700000762939453,25.739999771118164,25.530000686645508,25.700000762939453,19100.0
2021-03-12 00:00:00,25.178491592407227,25.690000534057617,25.700000762939453,25.600000381469727,25.639999389648438,6200.0
2021-03-15 00:00:00,25.237295150756836,25.75,25.760000228881836,25.67300033569336,25.67300033569336,90000.0
2021-03-16 00:00:00,25.202993392944336,25.71500015258789,25.729999542236328,25.700000762939453,25.700000762939453,3300.0
2021-03-17 00:00:00,25.227495193481445,25.739999771118164,25.75,25.610000610351562,25.75,6700.0
2021-03-18 00:00:00,25.139286041259766,25.649999618530273,25.739999771118164,25.610000610351562,25.700000762939453,8700.0
2021-03-19 00:00:00,25.237295150756836,25.75,25.75,25.610000610351562,25.610000610351562,4300.0
2021-03-22 00:00:00,25.2069149017334,25.7189998626709,25.75,25.698999404907227,25.700000762939453,8400.0
2021-03-23 00:00:00,25.217693328857422,25.729999542236328,25.75,25.700000762939453,25.75,10700.0
2021-03-24 00:00:00,25.286300659179688,25.799999237060547,25.799999237060547,25.549999237060547,25.75,71000.0
2021-03-25 00:00:00,25.33530616760254,25.850000381469727,25.899999618530273,25.600000381469727,25.75,56300.0
2021-03-26 00:00:00,25.5803279876709,26.100000381469727,26.100000381469727,25.799999237060547,25.799999237060547,75700.0
2021-03-29 00:00:00,25.531322479248047,26.049999237060547,26.149999618530273,25.979999542236328,26.020000457763672,62100.0
2021-03-30 00:00:00,25.482318878173828,26.0,26.149999618530273,26.0,26.09000015258789,49700.0
2021-03-31 00:00:00,25.34510612487793,25.860000610351562,26.190000534057617,25.65999984741211,25.920000076293945,393500.0
2021-04-01 00:00:00,25.261798858642578,25.774999618530273,25.81999969482422,25.709999084472656,25.75,2500.0
2021-04-05 00:00:00,25.286300659179688,25.799999237060547,25.799999237060547,25.770000457763672,25.799999237060547,4800.0
2021-04-06 00:00:00,25.33530616760254,25.850000381469727,25.871000289916992,25.850000381469727,25.871000289916992,2300.0
2021-04-07 00:00:00,25.158889770507812,25.670000076293945,25.8700008392334,25.56999969482422,25.829999923706055,6700.0
2021-04-08 00:00:00,25.3059024810791,25.81999969482422,25.826000213623047,25.729999542236328,25.729999542236328,2100.0
2021-04-09 00:00:00,25.34510612487793,25.860000610351562,25.860000610351562,25.735000610351562,25.809999465942383,7600.0
2021-04-12 00:00:00,25.423513412475586,25.940000534057617,25.940000534057617,25.850000381469727,25.920000076293945,5900.0
2021-04-13 00:00:00,25.423513412475586,25.940000534057617,25.940000534057617,25.940000534057617,25.940000534057617,700.0
2021-04-14 00:00:00,25.46796989440918,25.780000686645508,25.799999237060547,25.700000762939453,25.700000762939453,5400.0
2021-04-15 00:00:00,25.45808982849121,25.770000457763672,25.780000686645508,25.729999542236328,25.729999542236328,1600.0
2021-04-16 00:00:00,25.53712272644043,25.850000381469727,25.899999618530273,25.75,25.75,3000.0
2021-04-19 00:00:00,25.63591194152832,25.950000762939453,25.950000762939453,25.799999237060547,25.799999237060547,1000.0
2021-04-20 00:00:00,25.477848052978516,25.790000915527344,25.850000381469727,25.75,25.799999237060547,6500.0
2021-04-21 00:00:00,25.477848052978516,25.790000915527344,25.790000915527344,25.722999572753906,25.770000457763672,1600.0
2021-04-22 00:00:00,25.63591194152832,25.950000762939453,25.950000762939453,25.790000915527344,25.790000915527344,3400.0
2021-04-23 00:00:00,25.53712272644043,25.850000381469727,25.850000381469727,25.649999618530273,25.799999237060547,5300.0
2021-04-26 00:00:00,25.630971908569336,25.94499969482422,25.94499969482422,25.729999542236328,25.75,6700.0
2021-04-27 00:00:00,25.586515426635742,25.899999618530273,25.920000076293945,25.729999542236328,25.84000015258789,61600.0
2021-04-28 00:00:00,25.606273651123047,25.920000076293945,25.93000030517578,25.81999969482422,25.93000030517578,3700.0
2021-04-29 00:00:00,25.734699249267578,26.049999237060547,26.049999237060547,25.899999618530273,25.940000534057617,2300.0
2021-04-30 00:00:00,25.734699249267578,26.049999237060547,26.1299991607666,25.850000381469727,25.889999389648438,68800.0
2021-05-03 00:00:00,25.63591194152832,25.950000762939453,26.010000228881836,25.947999954223633,25.947999954223633,1900.0
2021-05-04 00:00:00,25.63591194152832,25.950000762939453,26.0049991607666,25.899999618530273,25.950000762939453,2900.0
2021-05-05 00:00:00,25.586515426635742,25.899999618530273,25.899999618530273,25.856000900268555,25.856000900268555,2000.0
2021-05-06 00:00:00,25.59639549255371,25.90999984741211,25.950000762939453,25.75,25.850000381469727,7800.0
2021-05-07 00:00:00,25.734699249267578,26.049999237060547,26.049999237060547,25.850000381469727,25.850000381469727,1500.0
2021-05-10 00:00:00,25.616153717041016,25.93000030517578,26.020000457763672,25.83300018310547,25.93000030517578,1900.0
2021-05-11 00:00:00,25.477848052978516,25.790000915527344,25.850000381469727,25.75,25.75,12300.0
2021-05-12 00:00:00,25.53712272644043,25.850000381469727,25.850000381469727,25.75,25.75,12200.0
2021-05-13 00:00:00,25.497604370117188,25.809999465942383,25.809999465942383,25.739999771118164,25.739999771118164,2400.0
2021-05-14 00:00:00,25.576637268066406,25.889999389648438,25.889999389648438,25.40999984741211,25.770000457763672,4500.0
2021-05-17 00:00:00,25.489702224731445,25.802000045776367,25.84000015258789,25.770000457763672,25.770000457763672,3500.0
2021-05-18 00:00:00,25.582565307617188,25.895999908447266,25.895999908447266,25.844999313354492,25.844999313354492,1300.0
2021-05-19 00:00:00,25.45808982849121,25.770000457763672,25.770000457763672,25.770000457763672,25.770000457763672,2000.0
2021-05-20 00:00:00,25.46796989440918,25.780000686645508,25.780000686645508,25.780000686645508,25.780000686645508,200.0
2021-05-21 00:00:00,25.477848052978516,25.790000915527344,26.040000915527344,25.790000915527344,26.040000915527344,1600.0
2021-05-24 00:00:00,25.477848052978516,25.790000915527344,25.988000869750977,25.5,25.790000915527344,29900.0
2021-05-25 00:00:00,25.408695220947266,25.719999313354492,25.75,25.59000015258789,25.719999313354492,32400.0
2021-05-26 00:00:00,25.46796989440918,25.780000686645508,25.80500030517578,25.700000762939453,25.719999313354492,31500.0
2021-05-27 00:00:00,25.408695220947266,25.719999313354492,25.780000686645508,25.649999618530273,25.780000686645508,6400.0
2021-05-28 00:00:00,25.29014778137207,25.600000381469727,25.75,25.469999313354492,25.739999771118164,32300.0
2021-06-01 00:00:00,25.22099494934082,25.530000686645508,25.690000534057617,25.469999313354492,25.670000076293945,57600.0
2021-06-02 00:00:00,25.19135856628418,25.5,25.670000076293945,25.489999771118164,25.6200008392334,35300.0
2021-06-03 00:00:00,25.161720275878906,25.469999313354492,25.638999938964844,25.43000030517578,25.5,45800.0
2021-06-04 00:00:00,25.339542388916016,25.649999618530273,25.65999984741211,25.450000762939453,25.450000762939453,43600.0
2021-06-07 00:00:00,25.339542388916016,25.649999618530273,25.709999084472656,25.510000228881836,25.579999923706055,6300.0
2021-06-08 00:00:00,25.30002784729004,25.610000610351562,25.788999557495117,25.520000457763672,25.600000381469727,20300.0
2021-06-09 00:00:00,25.38893699645996,25.700000762939453,25.700000762939453,25.549999237060547,25.549999237060547,11400.0
2021-06-10 00:00:00,25.53712272644043,25.850000381469727,25.850000381469727,25.579999923706055,25.604000091552734,29300.0
2021-06-11 00:00:00,25.566757202148438,25.8799991607666,25.8799991607666,25.600000381469727,25.75,30200.0
2021-06-14 00:00:00,25.734699249267578,26.049999237060547,26.049999237060547,25.768999099731445,25.860000610351562,1900.0
2021-06-15 00:00:00,25.34942054748535,25.65999984741211,25.739999771118164,25.65999984741211,25.729999542236328,6500.0
2021-06-16 00:00:00,25.556880950927734,25.8700008392334,26.0049991607666,25.65999984741211,25.809999465942383,140400.0
2021-06-17 00:00:00,25.606273651123047,25.920000076293945,25.920000076293945,25.719999313354492,25.850000381469727,13800.0
2021-06-18 00:00:00,25.53712272644043,25.850000381469727,25.889999389648438,25.829999923706055,25.829999923706055,1400.0
2021-06-21 00:00:00,25.52724266052246,25.84000015258789,25.8700008392334,25.84000015258789,25.84000015258789,3700.0
2021-06-22 00:00:00,25.46796989440918,25.780000686645508,25.979999542236328,25.75,25.957000732421875,5800.0
2021-06-23 00:00:00,25.46796989440918,25.780000686645508,25.799999237060547,25.770000457763672,25.780000686645508,10000.0
2021-06-24 00:00:00,25.528230667114258,25.840999603271484,25.860000610351562,25.71500015258789,25.780000686645508,23500.0
2021-06-25 00:00:00,25.46500587463379,25.777000427246094,25.889999389648438,25.670000076293945,25.760000228881836,9200.0
2021-06-28 00:00:00,25.45808982849121,25.770000457763672,25.90999984741211,25.670000076293945,25.90999984741211,5100.0
2021-06-29 00:00:00,25.45808982849121,25.770000457763672,25.780000686645508,25.639999389648438,25.639999389648438,4500.0
2021-06-30 00:00:00,25.63591194152832,25.950000762939453,25.959999084472656,25.770000457763672,25.81999969482422,18600.0
2021-07-01 00:00:00,25.48772621154785,25.799999237060547,25.799999237060547,25.799999237060547,25.799999237060547,800.0
2021-07-02 00:00:00,25.556880950927734,25.8700008392334,25.940000534057617,25.770000457763672,25.780000686645508,2400.0
2021-07-06 00:00:00,25.63591194152832,25.950000762939453,25.950000762939453,25.739999771118164,25.760000228881836,3900.0
2021-07-07 00:00:00,25.502546310424805,25.815000534057617,25.93000030517578,25.799999237060547,25.799999237060547,1900.0
2021-07-08 00:00:00,25.438331604003906,25.75,25.809999465942383,25.75,25.809999465942383,8200.0
2021-07-09 00:00:00,25.477848052978516,25.790000915527344,25.829999923706055,25.729999542236328,25.729999542236328,3700.0
2021-07-12 00:00:00,25.556880950927734,25.8700008392334,25.969999313354492,25.731000900268555,25.731000900268555,83700.0
2021-07-13 00:00:00,25.547000885009766,25.860000610351562,25.899999618530273,25.860000610351562,25.8799991607666,7300.0
2021-07-14 00:00:00,25.58099937438965,25.58099937438965,25.780000686645508,25.58099937438965,25.770000457763672,8900.0
2021-07-15 00:00:00,25.75,25.75,25.84000015258789,25.672000885009766,25.763999938964844,11800.0
2021-07-16 00:00:00,25.709999084472656,25.709999084472656,25.829999923706055,25.709999084472656,25.780000686645508,3300.0
2021-07-19 00:00:00,25.6200008392334,25.6200008392334,25.66900062561035,25.600000381469727,25.66900062561035,3600.0
2021-07-20 00:00:00,25.65999984741211,25.65999984741211,25.68000030517578,25.649999618530273,25.670000076293945,3000.0
2021-07-21 00:00:00,25.670000076293945,25.670000076293945,25.739999771118164,25.600000381469727,25.684999465942383,2100.0
2021-07-22 00:00:00,25.829999923706055,25.829999923706055,25.829999923706055,25.690000534057617,25.700000762939453,5100.0
2021-07-23 00:00:00,25.829999923706055,25.829999923706055,25.829999923706055,25.829999923706055,25.829999923706055,200.0
2021-07-26 00:00:00,25.8700008392334,25.8700008392334,25.8700008392334,25.8700008392334,25.8700008392334,500.0
2021-07-27 00:00:00,25.950000762939453,25.950000762939453,25.950000762939453,25.908000946044922,25.908000946044922,800.0
2021-07-28 00:00:00,25.950000762939453,25.950000762939453,25.950000762939453,25.9060001373291,25.950000762939453,1200.0
2021-07-29 00:00:00,26.100000381469727,26.100000381469727,26.100000381469727,26.0,26.0,2500.0
2021-07-30 00:00:00,26.049999237060547,26.049999237060547,26.100000381469727,26.049999237060547,26.100000381469727,3600.0
2021-08-02 00:00:00,26.059999465942383,26.059999465942383,26.149999618530273,26.059999465942383,26.149999618530273,14400.0
2021-08-03 00:00:00,26.059999465942383,26.059999465942383,26.059999465942383,26.049999237060547,26.049999237060547,1700.0
2021-08-04 00:00:00,26.059999465942383,26.059999465942383,26.059999465942383,25.990999221801758,25.990999221801758,1400.0
2021-08-05 00:00:00,26.030000686645508,26.030000686645508,26.149999618530273,26.030000686645508,26.149999618530273,1700.0
2021-08-06 00:00:00,26.059999465942383,26.059999465942383,26.059999465942383,25.860000610351562,25.8700008392334,3200.0
2021-08-09 00:00:00,25.799999237060547,25.799999237060547,25.950000762939453,25.799999237060547,25.809999465942383,1300.0
2021-08-10 00:00:00,25.75,25.75,25.760000228881836,25.75,25.760000228881836,3900.0
2021-08-11 00:00:00,25.6200008392334,25.6200008392334,25.760000228881836,25.6200008392334,25.760000228881836,3700.0
2021-08-12 00:00:00,26.09000015258789,26.09000015258789,26.100000381469727,25.65999984741211,25.65999984741211,4500.0
2021-08-13 00:00:00,26.0,26.0,26.09000015258789,25.79599952697754,25.84000015258789,2300.0
2021-08-16 00:00:00,25.979999542236328,25.979999542236328,25.979999542236328,25.864999771118164,25.93000030517578,17300.0
2021-08-17 00:00:00,25.690000534057617,25.690000534057617,25.809999465942383,25.690000534057617,25.809999465942383,2800.0
2021-08-18 00:00:00,25.649999618530273,25.649999618530273,25.700000762939453,25.520000457763672,25.700000762939453,8800.0
2021-08-19 00:00:00,25.809999465942383,25.809999465942383,25.809999465942383,25.540000915527344,25.540000915527344,15600.0
2021-08-20 00:00:00,26.06999969482422,26.06999969482422,26.06999969482422,25.799999237060547,25.799999237060547,21200.0
2021-08-23 00:00:00,25.924999237060547,25.924999237060547,25.924999237060547,25.924999237060547,25.924999237060547,300.0
2021-08-24 00:00:00,26.06800079345703,26.06800079345703,26.06800079345703,25.85300064086914,25.85300064086914,7500.0
2021-08-25 00:00:00,25.989999771118164,25.989999771118164,25.989999771118164,25.989999771118164,25.989999771118164,1300.0
2021-08-26 00:00:00,25.989999771118164,25.989999771118164,25.989999771118164,25.989999771118164,25.989999771118164,0.0
2021-08-27 00:00:00,25.8700008392334,25.8700008392334,25.899999618530273,25.8700008392334,25.899999618530273,8200.0
2021-08-30 00:00:00,25.93000030517578,25.93000030517578,25.93000030517578,25.93000030517578,25.93000030517578,800.0
2021-08-31 00:00:00,26.0,26.0,26.0,25.899999618530273,25.899999618530273,2800.0
2021-09-01 00:00:00,26.0,26.0,26.0,25.808000564575195,26.0,2100.0
2021-09-02 00:00:00,26.1299991607666,26.1299991607666,26.1299991607666,25.969999313354492,25.969999313354492,7100.0
2021-09-03 00:00:00,25.889999389648438,25.889999389648438,26.100000381469727,25.8700008392334,26.100000381469727,6000.0
2021-09-07 00:00:00,25.850000381469727,25.850000381469727,25.850000381469727,25.850000381469727,25.850000381469727,500.0
2021-09-08 00:00:00,25.899999618530273,25.899999618530273,25.940000534057617,25.81999969482422,25.850000381469727,10300.0
2021-09-09 00:00:00,25.989999771118164,25.989999771118164,25.989999771118164,25.950000762939453,25.950000762939453,1200.0
2021-09-10 00:00:00,25.989999771118164,25.989999771118164,25.989999771118164,25.989999771118164,25.989999771118164,0.0
2021-09-13 00:00:00,26.09000015258789,26.09000015258789,26.09000015258789,26.09000015258789,26.09000015258789,300.0
2021-09-14 00:00:00,26.100000381469727,26.100000381469727,26.100000381469727,25.97800064086914,25.97800064086914,1900.0
2021-09-15 00:00:00,26.06999969482422,26.06999969482422,26.100000381469727,25.920000076293945,25.920000076293945,2100.0
2021-09-16 00:00:00,26.139999389648438,26.139999389648438,26.200000762939453,25.739999771118164,25.739999771118164,5000.0
2021-09-17 00:00:00,25.965999603271484,25.965999603271484,26.062999725341797,25.965999603271484,26.062999725341797,700.0
2021-09-20 00:00:00,25.965999603271484,25.965999603271484,25.965999603271484,25.965999603271484,25.965999603271484,0.0
2021-09-21 00:00:00,25.62700080871582,25.62700080871582,25.97800064086914,25.62700080871582,25.97800064086914,1000.0
2021-09-22 00:00:00,26.200000762939453,26.200000762939453,26.200000762939453,25.75,26.19499969482422,4500.0
2021-09-23 00:00:00,26.200000762939453,26.200000762939453,26.200000762939453,26.142000198364258,26.173999786376953,3100.0
2021-09-24 00:00:00,26.079999923706055,26.079999923706055,26.19300079345703,25.760000228881836,25.760000228881836,1100.0
2021-09-27 00:00:00,25.81999969482422,25.81999969482422,25.899999618530273,25.649999618530273,25.899999618530273,7300.0
2021-09-28 00:00:00,25.860000610351562,25.860000610351562,25.860000610351562,25.790000915527344,25.799999237060547,8400.0
2021-09-29 00:00:00,26.030000686645508,26.030000686645508,26.030000686645508,26.020000457763672,26.020000457763672,1200.0
2021-09-30 00:00:00,26.010000228881836,26.010000228881836,26.010000228881836,25.850000381469727,25.850000381469727,8100.0
2021-10-01 00:00:00,26.010000228881836,26.010000228881836,26.010000228881836,26.010000228881836,26.010000228881836,0.0
2021-10-04 00:00:00,25.850000381469727,25.850000381469727,26.020999908447266,25.850000381469727,25.96500015258789,3600.0
2021-10-05 00:00:00,25.8799991607666,25.8799991607666,25.893999099731445,25.850000381469727,25.893999099731445,2500.0
2021-10-06 00:00:00,25.829999923706055,25.829999923706055,25.829999923706055,25.799999237060547,25.799999237060547,1000.0
2021-10-07 00:00:00,25.829999923706055,25.829999923706055,25.829999923706055,25.829999923706055,25.829999923706055,0.0
2021-10-08 00:00:00,25.84000015258789,25.84000015258789,25.84000015258789,25.84000015258789,25.84000015258789,700.0
2021-10-11 00:00:00,25.766000747680664,25.766000747680664,25.81999969482422,25.75,25.81999969482422,1600.0
2021-10-12 00:00:00,25.972000122070312,25.972000122070312,25.989999771118164,25.84000015258789,25.84000015258789,1400.0
2021-10-13 00:00:00,26.389999389648438,26.389999389648438,26.559999465942383,26.1200008392334,26.450000762939453,3800.0
2021-10-14 00:00:00,26.350000381469727,26.350000381469727,26.350000381469727,26.1200008392334,26.124000549316406,7100.0
2021-10-15 00:00:00,26.110000610351562,26.110000610351562,26.260000228881836,25.950000762939453,26.260000228881836,3900.0
2021-10-18 00:00:00,26.299999237060547,26.299999237060547,26.299999237060547,26.059999465942383,26.059999465942383,600.0
2021-10-19 00:00:00,26.0,26.0,26.200000762939453,26.0,26.0,7800.0
2021-10-20 00:00:00,25.825000762939453,25.825000762939453,25.954999923706055,25.825000762939453,25.8799991607666,1700.0
2021-10-21 00:00:00,26.049999237060547,26.049999237060547,26.049999237060547,25.899999618530273,25.899999618530273,4800.0
2021-10-22 00:00:00,26.049999237060547,26.049999237060547,26.049999237060547,26.049999237060547,26.049999237060547,0.0
2021-10-25 00:00:00,25.850000381469727,25.850000381469727,26.049999237060547,25.81999969482422,26.047000885009766,5700.0
2021-10-26 00:00:00,26.0,26.0,26.034000396728516,25.79199981689453,25.799999237060547,10600.0
2021-10-27 00:00:00,25.899999618530273,25.899999618530273,26.1560001373291,25.799999237060547,25.829999923706055,9100.0
2021-10-28 00:00:00,26.1299991607666,26.1299991607666,26.139999389648438,25.989999771118164,26.049999237060547,5400.0
2021-10-29 00:00:00,26.149999618530273,26.149999618530273,26.149999618530273,26.1200008392334,26.1200008392334,1800.0
2021-11-01 00:00:00,26.399999618530273,26.399999618530273,26.399999618530273,26.360000610351562,26.360000610351562,3000.0
2021-11-02 00:00:00,26.399999618530273,26.399999618530273,26.399999618530273,26.395999908447266,26.399999618530273,3000.0
2021-11-03 00:00:00,26.003999710083008,26.003999710083008,26.399999618530273,26.003999710083008,26.155000686645508,8100.0
2021-11-04 00:00:00,26.110000610351562,26.110000610351562,26.2549991607666,26.0,26.104999542236328,10000.0
2021-11-05 00:00:00,26.0,26.0,26.19499969482422,25.989999771118164,26.040000915527344,15500.0
2021-11-08 00:00:00,25.940000534057617,25.940000534057617,26.0,25.940000534057617,26.0,1400.0
2021-11-09 00:00:00,25.899999618530273,25.899999618530273,26.025999069213867,25.899999618530273,25.940000534057617,8900.0
2021-11-10 00:00:00,25.75,25.75,25.98699951171875,25.628999710083008,25.98699951171875,6100.0
2021-11-11 00:00:00,25.56999969482422,25.56999969482422,25.56999969482422,25.559999465942383,25.559999465942383,1200.0
2021-11-12 00:00:00,25.82699966430664,25.82699966430664,25.82699966430664,25.613000869750977,25.613000869750977,2100.0
2021-11-15 00:00:00,25.7450008392334,25.7450008392334,25.7450008392334,25.7450008392334,25.7450008392334,800.0
2021-11-16 00:00:00,25.709999084472656,25.709999084472656,25.916000366210938,25.600000381469727,25.916000366210938,5700.0
2021-11-17 00:00:00,25.711999893188477,25.711999893188477,25.75,25.649999618530273,25.75,2300.0
2021-11-18 00:00:00,25.700000762939453,25.700000762939453,25.70199966430664,25.575000762939453,25.6299991607666,4800.0
2021-11-19 00:00:00,25.690000534057617,25.690000534057617,25.84000015258789,25.690000534057617,25.84000015258789,1000.0
2021-11-22 00:00:00,25.68600082397461,25.68600082397461,25.75,25.655000686645508,25.729999542236328,2100.0
2021-11-23 00:00:00,25.739999771118164,25.739999771118164,25.739999771118164,25.427000045776367,25.510000228881836,8700.0
2021-11-24 00:00:00,25.71500015258789,25.71500015258789,25.780000686645508,25.71500015258789,25.780000686645508,700.0
2021-11-26 00:00:00,25.84000015258789,25.84000015258789,25.84000015258789,25.760000228881836,25.780000686645508,1500.0
2021-11-29 00:00:00,25.959999084472656,25.959999084472656,26.100000381469727,25.68000030517578,25.736000061035156,4500.0
2021-11-30 00:00:00,25.809999465942383,25.809999465942383,26.149999618530273,25.729999542236328,26.149999618530273,2400.0
2021-12-01 00:00:00,25.709999084472656,25.709999084472656,25.850000381469727,25.65999984741211,25.850000381469727,9200.0
2021-12-02 00:00:00,25.889999389648438,25.889999389648438,25.889999389648438,25.889999389648438,25.889999389648438,600.0
2021-12-03 00:00:00,25.889999389648438,25.889999389648438,25.889999389648438,25.889999389648438,25.889999389648438,0.0
2021-12-06 00:00:00,25.96500015258789,25.96500015258789,25.96500015258789,25.799999237060547,25.799999237060547,3400.0
2021-12-07 00:00:00,25.739999771118164,25.739999771118164,25.770000457763672,25.739999771118164,25.770000457763672,3000.0
2021-12-08 00:00:00,25.899999618530273,25.899999618530273,25.899999618530273,25.690000534057617,25.690000534057617,900.0
2021-12-09 00:00:00,25.899999618530273,25.899999618530273,25.899999618530273,25.899999618530273,25.899999618530273,200.0
2021-12-10 00:00:00,25.899999618530273,25.899999618530273,25.899999618530273,25.899999618530273,25.899999618530273,300.0
2021-12-13 00:00:00,25.886999130249023,25.886999130249023,25.886999130249023,25.886999130249023,25.886999130249023,600.0
2021-12-14 00:00:00,25.93000030517578,25.93000030517578,25.93000030517578,25.79400062561035,25.79400062561035,600.0
2021-12-15 00:00:00,25.850000381469727,25.850000381469727,25.850000381469727,25.709999084472656,25.709999084472656,2100.0
2021-12-16 00:00:00,25.920000076293945,25.920000076293945,25.959999084472656,25.709999084472656,25.709999084472656,2100.0
2021-12-17 00:00:00,25.920000076293945,25.920000076293945,25.920000076293945,25.920000076293945,25.920000076293945,600.0
2021-12-20 00:00:00,25.940000534057617,25.940000534057617,25.959999084472656,25.920000076293945,25.920000076293945,1600.0
2021-12-21 00:00:00,25.899999618530273,25.899999618530273,25.940000534057617,25.899999618530273,25.940000534057617,1700.0
2021-12-22 00:00:00,25.950000762939453,25.950000762939453,25.969999313354492,25.899999618530273,25.899999618530273,3700.0
2021-12-23 00:00:00,25.70199966430664,25.70199966430664,25.950000762939453,25.70199966430664,25.950000762939453,1300.0
2021-12-27 00:00:00,26.06999969482422,26.06999969482422,26.06999969482422,25.718000411987305,25.799999237060547,1200.0
2021-12-28 00:00:00,25.78499984741211,25.78499984741211,25.850000381469727,25.65999984741211,25.739999771118164,5400.0
2021-12-29 00:00:00,25.899999618530273,25.899999618530273,25.899999618530273,25.799999237060547,25.799999237060547,2800.0
2021-12-30 00:00:00,25.93000030517578,25.93000030517578,25.93000030517578,25.93000030517578,25.93000030517578,1600.0
2021-12-31 00:00:00,25.93000030517578,25.93000030517578,25.93000030517578,25.920000076293945,25.920000076293945,2000.0
2022-01-03 00:00:00,25.84000015258789,25.84000015258789,25.93199920654297,25.739999771118164,25.739999771118164,1400.0
2022-01-04 00:00:00,25.84000015258789,25.84000015258789,25.84000015258789,25.84000015258789,25.84000015258789,600.0
2022-01-05 00:00:00,25.719999313354492,25.719999313354492,25.719999313354492,25.709999084472656,25.709999084472656,1700.0
2022-01-06 00:00:00,25.774999618530273,25.774999618530273,25.774999618530273,25.774999618530273,25.774999618530273,1800.0
2022-01-07 00:00:00,25.716999053955078,25.716999053955078,25.81999969482422,25.670000076293945,25.81999969482422,1300.0
2022-01-10 00:00:00,25.68000030517578,25.68000030517578,25.719999313354492,25.649999618530273,25.649999618530273,7500.0
2022-01-11 00:00:00,25.812000274658203,25.812000274658203,25.878000259399414,25.812000274658203,25.878000259399414,1700.0
2022-01-12 00:00:00,26.035999298095703,26.035999298095703,26.035999298095703,25.84000015258789,25.84000015258789,1700.0
2022-01-13 00:00:00,25.68000030517578,25.68000030517578,25.850000381469727,25.670000076293945,25.850000381469727,1600.0
2022-01-14 00:00:00,25.600000381469727,25.600000381469727,25.84000015258789,25.450000762939453,25.84000015258789,1800.0
2022-01-18 00:00:00,25.600000381469727,25.600000381469727,25.733999252319336,25.450000762939453,25.6299991607666,6200.0
2022-01-19 00:00:00,25.56999969482422,25.56999969482422,25.743999481201172,25.399999618530273,25.399999618530273,1400.0
2022-01-20 00:00:00,25.65999984741211,25.65999984741211,25.65999984741211,25.65999984741211,25.65999984741211,600.0
2022-01-21 00:00:00,25.565000534057617,25.565000534057617,25.649999618530273,25.402999877929688,25.40999984741211,1400.0
2022-01-24 00:00:00,25.600000381469727,25.600000381469727,25.600000381469727,25.43000030517578,25.459999084472656,2800.0
2022-01-25 00:00:00,25.65999984741211,25.65999984741211,25.65999984741211,25.429000854492188,25.429000854492188,700.0
2022-01-26 00:00:00,25.56999969482422,25.56999969482422,25.732999801635742,25.459999084472656,25.732999801635742,4800.0
2022-01-27 00:00:00,25.450000762939453,25.450000762939453,25.56999969482422,25.3700008392334,25.56999969482422,5300.0
2022-01-28 00:00:00,25.440000534057617,25.440000534057617,25.459999084472656,25.43000030517578,25.450000762939453,3500.0
2022-01-31 00:00:00,25.3700008392334,25.3700008392334,25.48200035095215,25.3700008392334,25.48200035095215,3600.0
2022-02-01 00:00:00,25.427000045776367,25.427000045776367,25.479999542236328,25.427000045776367,25.479999542236328,700.0
2022-02-02 00:00:00,25.270000457763672,25.270000457763672,25.440000534057617,25.270000457763672,25.440000534057617,143100.0
2022-02-03 00:00:00,25.34000015258789,25.34000015258789,25.399999618530273,25.34000015258789,25.399999618530273,7600.0
2022-02-04 00:00:00,25.260000228881836,25.260000228881836,25.350000381469727,25.260000228881836,25.350000381469727,2400.0
2022-02-07 00:00:00,25.260000228881836,25.260000228881836,25.40999984741211,25.260000228881836,25.29400062561035,2900.0
2022-02-08 00:00:00,25.270000457763672,25.270000457763672,25.290000915527344,25.209999084472656,25.290000915527344,4000.0
2022-02-09 00:00:00,25.59600067138672,25.59600067138672,25.652999877929688,25.219999313354492,25.219999313354492,1200.0
2022-02-10 00:00:00,25.469999313354492,25.469999313354492,25.5,25.40999984741211,25.5,3500.0
2022-02-11 00:00:00,25.299999237060547,25.299999237060547,25.389999389648438,25.299999237060547,25.389999389648438,3100.0
2022-02-14 00:00:00,25.43000030517578,25.43000030517578,25.43000030517578,25.43000030517578,25.43000030517578,1095.0
